image_id,target,ratio,p_baseline,x025_left,x1_left,rapid_left,x025_center,x1_center,rapid_center,x025_right,x1_right,rapid_right
yandex_real_line_00000,1,15.333333,0.9371964261652386,0.5997599959373474,0.497079998254776,0.09458309412002563,0.6468999981880188,0.5000849962234497,0.182905912399292,0.5911999940872192,0.5077999830245972,0.5107165575027466
yandex_real_line_00004,1,14.6,0.658516831978268,0.547929972410202,0.5001649856567383,0.21689647436141968,0.656154990196228,0.5054250061511993,0.998420238494873,0.5333749949932098,0.5007399916648865,0.9999998807907104
yandex_real_line_00005,0,14.675,0.1435481947899445,0.4639450013637543,0.4998050034046173,4.649162292480469e-06,0.5000599920749664,0.5003649890422821,0.042115867137908936,0.03179001808166504,0.49900999665260315,0.0
yandex_real_line_00006,1,24.48,0.9976500249810786,0.8676899969577789,0.5058299899101257,0.9999347925186157,0.5010800063610077,0.5232149958610535,0.9993113279342651,0.5337300002574921,0.5001200139522552,0.9989142417907715
yandex_real_line_00019,0,18.131579,0.9403918132688722,0.496069997549057,0.49881500005722046,0.1895608901977539,0.4992000162601471,0.4992150068283081,0.42675626277923584,0.49900999665260315,0.4992850124835968,0.4045909643173218
yandex_real_line_00021,0,14.136364,0.0384431353029694,0.4551500082015991,0.4991750121116638,0.002741575241088867,0.4966000020503998,0.4999699890613556,0.0019140243530273438,0.28901001811027527,0.48315998911857605,0.0029377341270446777
yandex_real_line_00022,1,15.727273,0.7328111878305796,0.49693000316619873,0.4991450011730194,0.994134247303009,0.5560349822044373,0.5039550065994263,0.999998927116394,0.9595499932765961,0.5054900050163269,0.9904205799102783
yandex_real_line_00024,1,10.571429,0.958904661416922,0.6114950180053711,0.500775009393692,0.9966521859169006,0.4998350143432617,0.5012650191783905,0.11962318420410156,0.6108849942684174,0.7458600103855133,0.967111349105835
yandex_real_line_00025,0,12.411765,0.0295662805438041,0.38593998551368713,0.49292001128196716,6.771087646484375e-05,0.49364998936653137,0.31142500042915344,0.546334981918335,0.18777501583099365,0.4739699959754944,0.15599822998046875
yandex_real_line_00030,0,18.304348,0.0191664424948861,0.4349900186061859,0.4992949962615967,0.00022143125534057617,0.5000049769878387,0.49999499320983887,0.0034349560737609863,0.4985399842262268,0.49972501397132874,9.500980377197266e-05
yandex_real_line_00031,0,10.8,0.0003236271440982,0.4590199887752533,0.4821600019931793,0.696845293045044,0.13666999340057373,0.3221549987792969,0.4462810158729553,0.4494049847126007,0.2441849708557129,0.10885852575302124
yandex_real_line_00032,1,12.043478,0.9963975064456464,0.9999549984931946,0.9983400106430054,1.0,0.531440019607544,0.8783900141716003,0.9934114813804626,0.9356249868869781,0.8808949887752533,0.9999995231628418
yandex_real_line_00033,0,25.513514,0.2274895209953744,0.48365500569343567,0.40293002128601074,8.344650268554688e-07,0.47129499912261963,0.3970400094985962,1.811981201171875e-05,0.4672749936580658,0.47658002376556396,0.007938861846923828
yandex_real_line_00038,1,12.742857,0.9596094191074372,0.9999899864196777,0.9997499883174896,1.0,0.9831250011920929,0.5115250051021576,1.0,0.7243300080299377,0.5026200115680695,0.999729573726654
yandex_real_line_00039,0,12.222222,0.0116550102829933,0.18102997541427612,0.4973500072956085,0.00010037422180175781,0.5127249956130981,0.50347501039505,0.0010109543800354004,0.21092501282691956,0.41869500279426575,2.6226043701171875e-06
yandex_real_line_00040,1,16.157895,0.1772704496979713,0.48780497908592224,0.03824499249458313,0.054100871086120605,0.516275018453598,0.4963099956512451,0.466225266456604,0.49990999698638916,0.39293500781059265,0.8583843111991882
yandex_real_line_00041,1,16.571429,0.7819225240946349,0.9180499911308289,0.5386250019073486,0.9999918937683105,0.5018849968910217,0.5006250143051147,0.9999890327453613,0.5036899745464325,0.4998149871826172,0.9998947381973267
yandex_real_line_00044,0,10.057143,0.0028318911790847,0.3997949957847595,0.45820000767707825,5.7220458984375e-05,0.4972600042819977,0.49871501326560974,7.152557373046875e-07,0.5065250098705292,0.49121999740600586,0.0020128488540649414
yandex_real_line_00046,0,11.9,0.0194107083484222,0.39011502265930176,0.4995749890804291,2.384185791015625e-07,0.4987500011920929,0.49561500549316406,0.4911012649536133,0.49932000041007996,0.49756500124931335,9.85860824584961e-05
yandex_real_line_00047,0,10.551724,0.0009590610861778,0.45494499802589417,0.49919500946998596,0.0,0.46417000889778137,0.3580250144004822,9.5367431640625e-07,0.3651750087738037,0.49643999338150024,0.31429988145828247
yandex_real_line_00049,0,14.108108,0.4003739286982361,0.7830850183963776,0.5873099863529205,1.4662742614746094e-05,0.49746498465538025,0.4997049868106842,0.3394167423248291,0.4615650177001953,0.49948999285697937,0.00028520822525024414
yandex_real_line_00051,1,17.806452,0.877017341655055,0.5114800035953522,0.5129350125789642,0.9997497200965881,0.5128949880599976,0.5733149945735931,0.9999998807907104,0.53472501039505,0.8025499880313873,0.9997522234916687
yandex_real_line_00053,0,11.392857,0.0251555598811539,0.4572699964046478,0.4832800030708313,0.0006248354911804199,0.4942049980163574,0.49906501173973083,0.7261465787887573,0.4966050088405609,0.4930500090122223,0.009376108646392822
yandex_real_line_00054,1,13.027778,0.9983870051801204,0.5015550255775452,0.5001449882984161,0.09961086511611938,0.5013050138950348,0.5001499950885773,0.12587708234786987,0.5751599967479706,0.5274400115013123,0.9999998807907104
yandex_real_line_00057,1,14.212766,0.9995899982750348,0.6170050203800201,0.5298149883747101,0.9961583018302917,0.7408699989318848,0.5051549971103668,1.0,0.9122999906539917,0.7326500117778778,0.9999604225158691
yandex_real_line_00060,1,10.215686,0.8324591109010201,0.43304499983787537,0.528205007314682,0.08174777030944824,0.49990999698638916,0.49980998039245605,0.09130674600601196,0.31981000304222107,0.6457400023937225,0.47704529762268066
yandex_real_line_00061,0,14.914894,0.1823767747392836,0.46576499938964844,0.2002350091934204,6.198883056640625e-05,0.4864349961280823,0.49320998787879944,0.00012552738189697266,0.39943501353263855,0.42106500267982483,0.015818476676940918
yandex_real_line_00063,0,10.321429,0.5652976943414725,0.31002500653266907,0.2612900137901306,0.6530678272247314,0.6252500116825104,0.5145449936389923,0.22999411821365356,0.49965500831604004,0.5020299851894379,0.12840324640274048
yandex_real_line_00065,0,10.541667,1.1876244916725234e-05,0.5001950263977051,0.49999499320983887,0.0002110600471496582,0.4531950056552887,0.4999749958515167,0.0,0.00027000904083251953,0.4998599886894226,0.0
yandex_real_line_00066,1,15.045455,0.9501267676695704,0.5013450086116791,0.5005100071430206,0.9977529644966125,0.5018649995326996,0.5046049952507019,0.9999799728393555,0.5264749825000763,0.5026000142097473,0.9999971389770508
yandex_real_line_00068,0,10.212121,0.0005893670022487,0.002494990825653076,0.1856749951839447,0.0009482502937316895,0.0031599998474121094,0.012250006198883057,0.00016224384307861328,0.5188549757003784,0.5260249972343445,0.02253824472427368
yandex_real_line_00069,0,10.344828,0.0959643311798572,0.003019988536834717,0.47558000683784485,1.1801719665527344e-05,0.4918600022792816,0.49984002113342285,0.0006272196769714355,0.498214989900589,0.4997749924659729,0.0048438310623168945
yandex_real_line_00071,1,10.4,0.912594523280859,0.3993000090122223,0.4966900050640106,0.23842298984527588,0.5570649802684784,0.5763150155544281,0.8780757784843445,0.401529997587204,0.5602850019931793,0.45507240295410156
yandex_real_line_00072,1,16.466667,0.0746481489777938,0.00452500581741333,0.38831499218940735,0.7885107398033142,0.49979498982429504,0.4987049996852875,2.372264862060547e-05,0.4585600197315216,0.4879550039768219,0.02672809362411499
yandex_real_line_00073,1,22.888889,0.5728389999174602,0.49933499097824097,0.5028499960899353,0.9455394148826599,0.505495011806488,0.5005599856376648,0.9779452681541443,0.5015399754047394,0.5000500082969666,0.9179741740226746
yandex_real_line_00075,1,15.216216,0.5948772896188927,0.5555899739265442,0.5014549791812897,0.9717971086502075,0.5584050118923187,0.5094650089740753,0.9982477426528931,0.9593449831008911,0.6730349957942963,0.3931118845939636
yandex_real_line_00081,1,10.095238,0.9969200712161844,0.7358600199222565,0.5084100067615509,0.9462198615074158,0.7600649893283844,0.5639249980449677,0.3366090655326843,0.8706699907779694,0.5135399997234344,0.9997816681861877
yandex_real_line_00083,0,10.075758,0.0467873625538606,0.07102000713348389,0.46485498547554016,0.8093447089195251,0.308584988117218,0.49419501423835754,0.025523006916046143,0.002279996871948242,0.20732998847961426,1.1920928955078125e-06
yandex_real_line_00090,0,10.28,0.0011021165271132,0.4955199956893921,0.43126001954078674,0.000799715518951416,0.4722850024700165,0.48317497968673706,0.0006267428398132324,0.488085001707077,0.4500100016593933,5.7220458984375e-06
yandex_real_line_00091,0,16.064516,0.0096398890018463,0.009670019149780273,0.06431999802589417,0.3373865485191345,0.017129987478256226,0.36807501316070557,0.00046634674072265625,0.007070004940032959,0.04249498248100281,3.2186508178710938e-06
yandex_real_line_00092,1,14.833333,0.9999868758022784,0.8029100000858307,0.944130003452301,0.9999912977218628,0.5062849819660187,0.502020001411438,0.9999914169311523,0.8605549931526184,0.6670750081539154,0.9969569444656372
yandex_real_line_00093,0,11.266667,0.011556208770729,0.020004987716674805,0.3864400088787079,3.838539123535156e-05,0.31018999218940735,0.4998700022697449,0.3670583963394165,0.46707502007484436,0.4780299961566925,0.5314739942550659
yandex_real_line_00096,0,22.033333,0.1735081934709094,0.4958750009536743,0.41553500294685364,0.0002452731132507324,0.4976949989795685,0.49603497982025146,0.2172069549560547,0.46042001247406006,0.49548500776290894,0.9708520174026489
yandex_real_line_00099,1,16.977778,0.9391588796216672,0.869255006313324,0.6208799779415131,0.7107739448547363,0.8570399880409241,0.5081549882888794,0.6035174131393433,0.6108349859714508,0.5270050168037415,0.5482650995254517
yandex_real_line_00100,0,20.043478,0.0045231059193688,0.002169996500015259,0.46309998631477356,4.649162292480469e-06,0.49692502617836,0.5000050067901611,5.555152893066406e-05,0.5082700252532959,0.49968498945236206,0.0
yandex_real_line_00102,1,10.851852,0.396948309356906,0.43387001752853394,0.30550500750541687,0.6285711526870728,0.2682250142097473,0.4310950040817261,0.6708932518959045,0.8164100050926208,0.8353649973869324,0.20081442594528198
yandex_real_line_00108,1,15.4,0.0567899420878884,0.905694991350174,0.5464950203895569,0.5210846066474915,0.4990150034427643,0.5013900101184845,0.00012695789337158203,0.5736799836158752,0.6001150012016296,0.9999995231628418
yandex_real_line_00109,1,13.4,0.9999562352895736,0.6908949911594391,0.498865008354187,0.9998427629470825,0.4883100092411041,0.5016349852085114,0.9999681711196899,0.6781100034713745,0.5095099806785583,0.9999827146530151
yandex_real_line_00112,0,15.0,0.7063376510114748,0.009840011596679688,0.4964999854564667,0.0,0.49974000453948975,0.5,0.031226158142089844,0.3838750123977661,0.499765008687973,7.832050323486328e-05
yandex_real_line_00115,1,26.515152,0.5770425386736872,0.43926000595092773,0.5005699992179871,0.2492581009864807,0.5192149877548218,0.5005699992179871,0.6544657349586487,0.5005350112915039,0.5042800009250641,0.9997753500938416
yandex_real_line_00119,1,10.307692,0.9674858359067028,0.5018599927425385,0.5031050145626068,0.9999865293502808,0.5030049979686737,0.5030349791049957,0.9999997615814209,0.5166000127792358,0.5271449983119965,0.9971778392791748
yandex_real_line_00120,1,12.777778,0.8841777429289117,0.6822299957275391,0.5026549994945526,0.9982301592826843,0.5312199890613556,0.5464549958705902,0.9999921321868896,0.7712000012397766,0.5009500086307526,1.0
yandex_real_line_00121,1,17.136364,0.990946903542158,0.4433249831199646,0.5200449824333191,1.0,0.5003049969673157,0.5019499957561493,0.8021357655525208,0.5476599931716919,0.6232500076293945,1.0
yandex_real_line_00122,0,12.125,0.000403029761933,0.013879984617233276,0.48712000250816345,5.984306335449219e-05,0.48654499650001526,0.4968299865722656,5.900859832763672e-05,0.285955011844635,0.4968000054359436,1.9550323486328125e-05
yandex_real_line_00123,1,10.590909,0.7625009885155096,0.5053200125694275,0.5039699971675873,0.9999997615814209,0.4992849826812744,0.5004650056362152,0.999552309513092,0.5001800060272217,0.5000050067901611,0.9990536570549011
yandex_real_line_00126,0,15.827586,0.0180850178003311,0.4907950162887573,0.15277498960494995,1.2755393981933594e-05,0.499889999628067,0.4965449869632721,0.0,0.4263400137424469,0.4881350100040436,0.0
yandex_real_line_00129,1,11.6875,0.8990054451958687,0.5208500027656555,0.5000600218772888,0.9999916553497314,0.4927949905395508,0.49897500872612,0.9953834414482117,0.5177449882030487,0.5353449881076813,0.934598445892334
yandex_real_line_00133,0,14.761905,0.486433281316356,0.45998498797416687,0.49905499815940857,0.2593427896499634,0.4776900112628937,0.4415249824523926,0.022540748119354248,0.5884850025177002,0.5000099837779999,0.9656445384025574
yandex_real_line_00135,0,21.535714,0.340874271540006,0.3408550024032593,0.4657300114631653,1.1920928955078125e-07,0.4930399954319,0.49927499890327454,0.0026019811630249023,0.2568399906158447,0.4993799924850464,2.384185791015625e-07
yandex_real_line_00138,0,10.272727,0.0150331258773803,0.44285500049591064,0.4980050027370453,6.270408630371094e-05,0.49214500188827515,0.4969650208950043,1.0013580322265625e-05,0.9355599880218506,0.69623002409935,2.0384788513183594e-05
yandex_real_line_00139,1,10.407407,0.9859932764737114,0.6077899932861328,0.5075649917125702,0.41082853078842163,0.6119050085544586,0.5222249925136566,0.9996247291564941,0.5448700189590454,0.5052350163459778,0.99982750415802
yandex_real_line_00146,0,11.225806,0.5030669323060808,0.1982100009918213,0.4805150032043457,0.067344069480896,0.49193501472473145,0.4445900022983551,0.2437698245048523,0.6784400045871735,0.502005010843277,0.9992824196815491
yandex_real_line_00149,0,14.347826,0.0702183387397336,0.06288501620292664,0.25131499767303467,0.00010156631469726562,0.49597999453544617,0.49975499510765076,0.7179504036903381,0.45409998297691345,0.4378650188446045,0.04481571912765503
yandex_real_line_00151,0,11.433333,0.0186145491898059,0.0216749906539917,0.14034000039100647,0.10201776027679443,0.08309000730514526,0.40107500553131104,0.02665776014328003,0.0012849867343902588,0.034399986267089844,0.27576613426208496
yandex_real_line_00154,0,15.607143,0.1881325419463361,0.31419000029563904,0.003300011157989502,0.00038927793502807617,0.4717999994754791,0.30663999915122986,0.0,0.38033002614974976,0.43382999300956726,0.0024126768112182617
yandex_real_line_00155,0,11.16129,0.0581354312959372,0.39002999663352966,0.4974600076675415,0.22196924686431885,0.0028649866580963135,0.49516502022743225,0.5366023778915405,0.39130499958992004,0.49907001852989197,3.3855438232421875e-05
yandex_real_line_00156,0,10.581818,0.0025087781250476,0.3545999825000763,0.49323999881744385,0.00024336576461791992,0.5056400001049042,0.5000599920749664,0.366266667842865,0.005959987640380859,0.21643999218940735,1.1920928955078125e-07
yandex_real_line_00157,1,10.137255,0.9998618736863136,0.9987999796867371,0.6097649931907654,1.0,0.9935399889945984,0.5043950080871582,1.0,0.5169749855995178,0.5030100047588348,0.9999831914901733
yandex_real_line_00158,1,14.56,0.9866938734333872,0.6998199820518494,0.503389984369278,0.9949743747711182,0.5257300138473511,0.5012550055980682,0.9991334080696106,0.5462349951267242,0.8337250053882599,0.9905316829681396
yandex_real_line_00159,0,17.272727,0.1171146224315753,0.4920249879360199,0.4996800124645233,0.359230637550354,0.5031450092792511,0.5030800104141235,0.48868274688720703,0.4551600217819214,0.3054350018501282,0.9843675494194031
yandex_real_line_00161,0,10.55,0.0646403872271511,0.4922199845314026,0.3839299976825714,0.01150602102279663,0.4997450113296509,0.48505499958992004,0.014641046524047852,0.49994999170303345,0.4969950020313263,0.8345206379890442
yandex_real_line_00162,1,11.111111,0.1527050584401057,0.6214749813079834,0.509104996919632,0.6895748376846313,0.4986499845981598,0.41674497723579407,0.6905962228775024,0.3789049983024597,0.49818000197410583,0.6983609795570374
yandex_real_line_00163,0,14.0,0.2658620617809488,0.42928001284599304,0.4995949864387512,0.37235814332962036,0.3529900014400482,0.4991700053215027,0.5756500959396362,0.49597498774528503,0.4793950021266937,0.07666260004043579
yandex_real_line_00165,1,26.242424,0.5517557165636031,0.5696400105953217,0.5003849864006042,0.999987006187439,0.49982500076293945,0.49998000264167786,0.9557597637176514,0.627560019493103,0.5000999867916107,0.029381096363067627
yandex_real_line_00174,0,18.810811,0.5177573593049383,0.45885002613067627,0.3567900061607361,0.1512013077735901,0.500220000743866,0.49963998794555664,0.8847010731697083,0.500249981880188,0.5100399851799011,0.5500997304916382
yandex_real_line_00179,1,13.76087,0.999229535460472,0.9990150034427643,0.9993800222873688,0.9374735355377197,0.9975249767303467,0.5350800156593323,0.9999982118606567,0.8978450000286102,0.9841399788856506,0.982900083065033
yandex_real_line_00187,1,11.222222,0.1149539709747457,0.05190500617027283,0.4943599998950958,0.5251368284225464,0.5112400054931641,0.30767497420310974,0.7069166302680969,0.45335498452186584,0.4951150119304657,0.6119866371154785
yandex_real_line_00189,1,12.56,0.9981043562293052,0.6506600081920624,0.9874000251293182,1.0,0.6477499902248383,0.7736299932003021,0.9999927282333374,0.994949996471405,0.9998399913311005,1.0
yandex_real_line_00194,0,11.380952,0.0053422524889789,0.2347950041294098,0.4501349925994873,0.036872684955596924,0.32607501745224,0.3172850012779236,0.0026689767837524414,0.10769999027252197,0.45489001274108887,0.3370652198791504
yandex_real_line_00196,1,10.038095,0.9393410587481424,0.5434450209140778,0.5734499990940094,0.7226554751396179,0.6442400217056274,0.8484649956226349,0.9996036887168884,0.9996799826622009,0.816100001335144,0.12640589475631714
yandex_real_line_00197,1,14.056604,0.9203931389802392,0.9193150103092194,0.537075012922287,0.9834880232810974,0.10544002056121826,0.5148600041866302,0.9530733823776245,0.8065599799156189,0.5047799944877625,0.9890451431274414
yandex_real_line_00198,1,10.16129,0.9998906776308916,0.5847150087356567,0.576559990644455,0.9880903959274292,0.7165899872779846,0.5249300003051758,0.9999794960021973,0.9012199938297272,0.5021249949932098,0.9999934434890747
yandex_real_line_00204,1,16.285714,0.9061292412062918,0.5002800226211548,0.5017950236797333,0.9999023675918579,0.5004799962043762,0.5165300071239471,0.999727189540863,0.5047249794006348,0.5013749897480011,0.9979425072669983
yandex_real_line_00208,1,10.722222,0.9996216164325756,0.5000599920749664,0.49974000453948975,0.9864271283149719,0.5000300109386444,0.5037049949169159,0.999849796295166,0.5002149939537048,0.5160900056362152,0.9997099041938782
yandex_real_line_00211,0,10.702703,1.0047149877388589e-05,0.48748502135276794,0.4965299963951111,0.0022085905075073242,0.4895250201225281,0.4972499907016754,5.364418029785156e-06,0.01807999610900879,0.38073500990867615,0.0
yandex_real_line_00212,0,10.92,0.2059744847486652,0.005580008029937744,0.01780000329017639,0.08922100067138672,0.41141000390052795,0.05240499973297119,0.17374259233474731,0.768325001001358,0.4700250029563904,0.14051949977874756
yandex_real_line_00213,0,10.0,0.0007756240797653,0.4905349910259247,0.4984299838542938,0.019256532192230225,0.4523249864578247,0.49371999502182007,0.053695619106292725,0.49127498269081116,0.49932000041007996,0.00017213821411132812
yandex_real_line_00219,1,12.716667,0.9504969567060472,0.9841449856758118,0.9261249899864197,0.9947762489318848,0.5385450124740601,0.2771100103855133,0.3761172890663147,0.5013449788093567,0.4762749969959259,0.8183208703994751
yandex_real_line_00220,0,13.9375,0.0565474777806727,0.4991450011730194,0.4982600212097168,0.24197828769683838,0.46503502130508423,0.471420019865036,0.0010207891464233398,0.35744500160217285,0.48707500100135803,0.012595653533935547
yandex_real_line_00222,0,13.325581,0.1175971441329555,0.5023149847984314,0.09193998575210571,0.9968005418777466,0.23005500435829163,0.4817900061607361,0.0030173659324645996,0.48521000146865845,0.4969249963760376,2.86102294921875e-06
yandex_real_line_00224,1,11.785714,0.9859780259430408,0.5259949862957001,0.5159499943256378,0.9568160176277161,0.5571900010108948,0.5008900165557861,0.689224362373352,0.6152450144290924,0.6081649959087372,0.8281054496765137
yandex_real_line_00225,0,18.666667,0.0029120887821606,0.34455999732017517,0.49889498949050903,0.00024515390396118164,0.498075008392334,0.49895501136779785,0.007935583591461182,0.47851499915122986,0.49419501423835754,0.10615420341491699
yandex_real_line_00227,0,10.333333,8.017942309379578e-05,0.003600001335144043,0.4952400028705597,2.09808349609375e-05,0.040650010108947754,0.488165020942688,0.00041991472244262695,0.14693999290466309,0.4845200181007385,0.0
yandex_real_line_00229,1,20.457143,0.8589300674332316,0.49156999588012695,0.5061199963092804,0.8958044648170471,0.5028049945831299,0.5064550042152405,0.7820315957069397,0.5455150008201599,0.6041899919509888,0.8683496713638306
yandex_real_line_00232,1,11.393939,0.9785033613443376,0.4346100091934204,0.5240699946880341,0.18145370483398438,0.6766749918460846,0.5019350051879883,0.8351399898529053,0.5417549908161163,0.5643450021743774,0.5997692346572876
yandex_real_line_00234,0,12.25,0.4242430185763666,0.4931100010871887,0.4984999895095825,0.0013006925582885742,0.8020400106906891,0.6976900100708008,0.11910611391067505,0.02823999524116516,0.21577000617980957,1.0728836059570312e-06
yandex_real_line_00236,1,18.371429,0.9665637970632472,0.5116350054740906,0.495945006608963,0.805188000202179,0.5422599911689758,0.8082899749279022,0.8061842322349548,0.6707350015640259,0.7053349912166595,0.2657374143600464
yandex_real_line_00245,1,19.1875,0.8254806828551076,0.5489549934864044,0.4760899841785431,0.060272812843322754,0.06488999724388123,0.3947399854660034,0.0002561211585998535,0.7939949929714203,0.4431000053882599,0.6225969791412354
yandex_real_line_00246,1,12.633333,0.9345568622395466,0.8063700199127197,0.5021600127220154,0.9991658926010132,0.5199100077152252,0.5023549795150757,0.9236418604850769,0.9895850121974945,0.506520003080368,1.0
yandex_real_line_00247,1,27.066667,0.9370138943195344,0.4479149878025055,0.5027450025081635,0.19591373205184937,0.5999650061130524,0.6767350137233734,0.46710288524627686,0.43412500619888306,0.5001600086688995,0.48133647441864014
yandex_real_line_00250,0,13.954545,0.0354480403874776,0.4921000003814697,0.49808499217033386,8.654594421386719e-05,0.49558499455451965,0.4984149932861328,2.7418136596679688e-06,0.49916499853134155,0.5001600086688995,0.008311212062835693
yandex_real_line_00252,1,40.421053,0.102444851496213,0.500694990158081,0.5006250143051147,0.9997602105140686,0.49217501282691956,0.499875009059906,0.7239540815353394,0.6930499970912933,0.5037850141525269,0.9949315190315247
yandex_real_line_00253,0,11.04,0.2102571017935471,0.6585299968719482,0.5006499886512756,0.9299014210700989,0.18124499917030334,0.49012500047683716,0.9316024780273438,0.5870899856090546,0.4963800013065338,0.45040714740753174
yandex_real_line_00254,0,10.933333,0.0320695638665481,0.39163997769355774,0.26828500628471375,3.743171691894531e-05,0.45682501792907715,0.4790799915790558,8.344650268554688e-07,0.0029999911785125732,0.13960501551628113,2.384185791015625e-07
yandex_real_line_00255,1,19.387097,0.9999081268906592,0.6125999987125397,0.5830749869346619,0.9998397827148438,0.5754750072956085,0.668940007686615,0.9999828338623047,0.5026899874210358,0.5107299983501434,0.9999818801879883
yandex_real_line_00256,1,17.05,0.981253422616049,0.5011700093746185,0.5000100135803223,0.8069905042648315,0.5323399901390076,0.5054900050163269,0.9983029365539551,0.5771450102329254,0.5006200075149536,0.9986128807067871
yandex_real_line_00257,0,10.473684,0.0038401077976422,0.016509979963302612,0.4862450063228607,0.00012135505676269531,0.4966350197792053,0.4996449947357178,0.028404176235198975,0.43241000175476074,0.4456849992275238,0.0
yandex_real_line_00258,1,11.825,0.8065044648582075,0.8114449977874756,0.5860449969768524,0.9999985694885254,0.499129980802536,0.5000199973583221,0.0046152472496032715,0.497855007648468,0.49999499320983887,0.0006709098815917969
yandex_real_line_00259,1,15.636364,0.5763805704450878,0.5313999950885773,0.5003799796104431,1.0,0.5022250115871429,0.5003199875354767,0.9999996423721313,0.5043550133705139,0.5017899870872498,0.9999873638153076
yandex_real_line_00260,1,15.285714,0.1943122866090854,0.9615849852561951,0.5641100108623505,0.9988155364990234,0.506600022315979,0.5428549945354462,0.9998161196708679,0.8064799904823303,0.5075349807739258,0.9995753169059753
yandex_real_line_00262,1,11.555556,0.1273603439331054,0.4970349967479706,0.4917300045490265,0.6241668462753296,0.5010649859905243,0.5017449855804443,0.47698259353637695,0.5004199743270874,0.5001049935817719,0.8792608380317688
yandex_real_line_00265,1,12.891304,0.9999893754720688,0.7429650127887726,0.5062849819660187,0.9863102436065674,0.7262749969959259,0.6102949976921082,0.9728954434394836,0.9097249805927277,0.6211400032043457,0.9999642372131348
yandex_real_line_00270,1,22.15625,0.0350890752169493,0.8796750009059906,0.988664984703064,0.9999967813491821,0.5251249969005585,0.5010299980640411,0.9996315240859985,0.5726799964904785,0.5024150013923645,0.9996203184127808
yandex_real_line_00271,0,25.071429,0.5244869292599035,0.49753502011299133,0.5016349852085114,0.9189556837081909,0.469760000705719,0.493509978055954,0.8226185441017151,0.4930249750614166,0.48130500316619873,0.23787057399749756
yandex_real_line_00272,1,11.448276,0.9409956654294184,0.5007099807262421,0.5000199973583221,0.004583477973937988,0.5002549886703491,0.5017650127410889,0.9323297739028931,0.9054999947547913,0.616584986448288,1.0
yandex_real_line_00274,1,11.137931,0.9246983838108735,0.4853149950504303,0.48960500955581665,0.2386234998703003,0.5109399855136871,0.4010300040245056,0.4842907190322876,0.42565998435020447,0.495199978351593,0.42804843187332153
yandex_real_line_00276,1,17.536585,0.922430132364884,0.5033600032329559,0.5032449960708618,0.9985112547874451,0.5026950240135193,0.5000050067901611,0.9999746084213257,0.8023499846458435,0.5094749927520752,0.9999899864196777
yandex_real_line_00284,1,13.619048,0.9470451846718788,0.3233800232410431,0.4232500195503235,0.6438947916030884,0.7175399959087372,0.6803700029850006,0.8338544368743896,0.9921000003814697,0.5543400049209595,0.9266425967216492
yandex_real_line_00286,0,13.264151,0.0011804327368736,0.4979249835014343,0.46390500664711,0.00046753883361816406,0.11590501666069031,0.3830000162124634,7.736682891845703e-05,0.4917900264263153,0.4910449981689453,0.18428921699523926
yandex_real_line_00288,1,10.076923,0.9999306239187716,0.6969599723815918,0.5295999944210052,0.9999997615814209,0.5018900036811829,0.5156199932098389,1.0,0.5525250136852264,0.5022799968719482,0.9993891716003418
yandex_real_line_00292,0,17.230769,0.1450538758751724,0.4115599989891052,0.49942001700401306,0.2926775813102722,0.3102400004863739,0.4879649877548218,0.2543908953666687,0.4974599778652191,0.49732500314712524,0.6250821352005005
yandex_real_line_00293,1,10.622222,0.1978133111923883,0.49688997864723206,0.5001749992370605,0.7751736044883728,0.4657450020313263,0.4987100064754486,0.6418703198432922,0.49955999851226807,0.500205010175705,0.8225749731063843
yandex_real_line_00295,0,10.0,0.0083365717276197,0.4946199953556061,0.4828599989414215,0.30978691577911377,0.49952998757362366,0.49990999698638916,0.0003510713577270508,0.2107050120830536,0.49955499172210693,6.4373016357421875e-06
yandex_real_line_00296,1,10.5,0.9998893737792968,0.6056550145149231,0.552370011806488,0.7112909555435181,0.9384700059890747,0.5093500018119812,0.9850203990936279,0.9856700003147125,0.7130950093269348,0.9999998807907104
yandex_real_line_00298,0,18.97561,0.41049643872004,0.4985699951648712,0.014099985361099243,3.5762786865234375e-07,0.49966999888420105,0.4986650049686432,0.0005218386650085449,0.5373499989509583,0.4109349846839905,0.5399907231330872
yandex_real_line_00304,0,19.571429,0.6679132998122106,0.501990020275116,0.49999499320983887,0.9946660995483398,0.5000749826431274,0.5000250041484833,0.9728030562400818,0.5142450034618378,0.49768000841140747,0.5605006217956543
yandex_real_line_00308,0,14.75,0.2495826058527747,0.498060017824173,0.49626001715660095,0.026441872119903564,0.49797001481056213,0.49994999170303345,0.06110435724258423,0.3946550190448761,0.3268299996852875,0.6047247648239136
yandex_real_line_00311,0,13.888889,0.0282807562944256,0.20690998435020447,0.49119502305984497,0.8731729984283447,0.3222399950027466,0.4891950190067291,0.8951519727706909,0.5417349934577942,0.4434400200843811,0.5927612781524658
yandex_real_line_00314,1,10.086957,0.9740831202490984,0.6009899973869324,0.5090599954128265,0.9999997615814209,0.8713749945163727,0.5113900005817413,0.9999998807907104,0.5152499973773956,0.502824991941452,0.9999781847000122
yandex_real_line_00316,0,10.583333,0.0026804277649954,0.46985000371932983,0.49920499324798584,5.7220458984375e-06,0.4994699954986572,0.49998998641967773,8.463859558105469e-05,0.4995799958705902,0.4877749979496002,0.0012283921241760254
yandex_real_line_00324,1,27.705882,0.9846723944719726,0.5408549904823303,0.5522850155830383,0.8268198370933533,0.4676799774169922,0.5023150146007538,0.4720602035522461,0.5023450255393982,0.5203900039196014,0.5065922737121582
yandex_real_line_00326,0,14.538462,0.4882447270416757,0.3926050066947937,0.4999449849128723,0.8482033610343933,0.49999499320983887,0.5010200142860413,0.9784808158874512,0.426470011472702,0.5000450015068054,0.20183104276657104
yandex_real_line_00330,1,10.526316,0.9930012483913504,0.4928799867630005,0.5019600093364716,0.99802565574646,0.015224993228912354,0.31396999955177307,0.9346323013305664,0.9779149889945984,0.6358450055122375,0.9999997615814209
yandex_real_line_00333,0,10.954545,0.446548756833581,0.4581800103187561,0.5000399947166443,0.33511650562286377,0.5216449797153473,0.5016849935054779,0.7603530287742615,0.5556949973106384,0.4984550178050995,0.28013110160827637
yandex_real_line_00335,0,10.866667,0.0122977830469608,0.1430799961090088,0.48962000012397766,0.00017791986465454102,0.5136550068855286,0.35810500383377075,0.00011396408081054688,0.36155498027801514,0.49944499135017395,0.8362051844596863
yandex_real_line_00336,1,19.730769,0.979658666998148,0.9983350038528442,0.8405750095844269,1.0,0.5144950151443481,0.5261600017547607,0.9968902468681335,0.9817200005054474,0.5002900063991547,1.0
yandex_real_line_00338,0,11.303571,0.0045999586582183,0.09273499250411987,0.4810749888420105,2.2172927856445312e-05,0.0006600022315979004,0.1550700068473816,0.006276547908782959,0.14190000295639038,0.34220001101493835,0.010575175285339355
yandex_real_line_00340,1,13.2,0.4246973940314944,0.42531001567840576,0.4916200041770935,0.7286757826805115,0.49660998582839966,0.4999699890613556,0.6154646277427673,0.49560999870300293,0.4994350075721741,0.29969751834869385
yandex_real_line_00341,0,23.90625,0.7700669076720967,0.49577000737190247,0.5000599920749664,0.0008144974708557129,0.4998149871826172,0.499985009431839,0.002020895481109619,0.49984002113342285,0.49996501207351685,0.04583430290222168
yandex_real_line_00342,0,10.453125,0.0061121396720409,0.008994996547698975,0.47251999378204346,0.00010561943054199219,0.5301149785518646,0.4923350214958191,0.062419772148132324,0.5547600090503693,0.347320020198822,0.7139882445335388
yandex_real_line_00346,0,12.363636,0.9326173289872745,0.4200350046157837,0.6022100150585175,0.7455859780311584,0.47269001603126526,0.4803900122642517,0.8272262215614319,0.6247549951076508,0.49561500549316406,0.42720311880111694
yandex_real_line_00347,0,12.586207,0.3398219656467183,0.46248501539230347,0.47434002161026,0.03254830837249756,0.317220002412796,0.4829450249671936,0.017964839935302734,0.8725399971008301,0.49564501643180847,0.017643451690673828
yandex_real_line_00352,1,10.541667,0.0256877815111188,0.4999749958515167,0.4949149787425995,0.4541613459587097,0.5000349879264832,0.507874995470047,0.8299387097358704,0.5134849846363068,0.6175050139427185,0.8146486282348633
yandex_real_line_00355,0,27.619048,0.0919024062395461,0.49517500400543213,0.504054993391037,0.14951586723327637,0.47832000255584717,0.5009349882602692,0.10027408599853516,0.5096299946308136,0.5015400052070618,0.47787338495254517
yandex_real_line_00357,0,11.933333,0.1081547762087176,0.5222799777984619,0.5029650032520294,0.04231995344161987,0.5092950165271759,0.499970018863678,0.8945783376693726,0.4907349944114685,0.47901999950408936,0.7022625803947449
yandex_real_line_00358,0,13.25,0.0001150021048355,0.4879249930381775,0.4896949827671051,0.004461824893951416,0.022950023412704468,0.16747000813484192,0.00012433528900146484,0.28356999158859253,0.4889500141143799,1.1920928955078125e-07
yandex_real_line_00360,1,13.551724,0.9888648866303916,0.5400499999523163,0.5001350045204163,0.9754709005355835,0.5076049864292145,0.5017549991607666,1.0,0.6704449951648712,0.5179199874401093,1.0
yandex_real_line_00364,0,11.5,0.0198351333774166,0.4969150125980377,0.490215003490448,0.20464825630187988,0.4985949993133545,0.4825400114059448,0.12370175123214722,0.4797700047492981,0.4864949882030487,0.3029494881629944
yandex_real_line_00370,1,11.575758,0.9999872334301472,0.9255799949169159,0.5441499948501587,0.9999263286590576,0.821274995803833,0.6538999974727631,0.9997394680976868,0.9956550002098083,0.6103050112724304,1.0
yandex_real_line_00371,0,11.898305,0.0009270533927875,0.020909994840621948,0.49201500415802,0.0,0.1470949947834015,0.48640498518943787,1.1920928955078125e-07,0.4882050156593323,0.34865498542785645,2.9087066650390625e-05
yandex_real_line_00374,0,10.642857,0.0695465984378643,0.02854001522064209,0.29225000739097595,0.00028568506240844727,0.49994999170303345,0.49999499320983887,0.003147900104522705,0.44679999351501465,0.4978100061416626,0.00028067827224731445
yandex_real_line_00381,0,15.5,0.1962054705473031,0.043255001306533813,0.4973349869251251,3.731250762939453e-05,0.4731599986553192,0.44731998443603516,0.0056511759757995605,0.47348499298095703,0.5001149773597717,0.23494988679885864
yandex_real_line_00387,1,13.492308,0.995515000075102,0.8858950138092041,0.7378300130367279,0.9999499320983887,0.6259999871253967,0.5353150069713593,0.9999935626983643,0.9843149781227112,0.9994150102138519,1.0
yandex_real_line_00389,1,20.966667,0.1666648241751016,0.5049049854278564,0.5019749999046326,0.9997562766075134,0.6012249886989594,0.5060049891471863,0.1294935941696167,0.5623199939727783,0.5066899955272675,0.9703934788703918
yandex_real_line_00390,1,12.105263,0.961582649499178,0.607824981212616,0.9738949835300446,1.0,0.5083799958229065,0.8024899959564209,0.9999998807907104,0.8643600046634674,0.7809000015258789,0.9979026317596436
yandex_real_line_00391,1,12.0,0.9956777889357464,0.9607000052928925,0.7552050054073334,0.9984424710273743,0.46304500102996826,0.4896949827671051,0.27691638469696045,0.5778499841690063,0.5343649983406067,0.9850316047668457
yandex_real_line_00393,0,11.609375,0.5899214298515907,0.3580850064754486,0.4388450086116791,0.06756079196929932,0.4408850073814392,0.4242050051689148,2.1457672119140625e-06,0.3976700007915497,0.4710650146007538,8.082389831542969e-05
yandex_real_line_00394,0,10.105263,0.9202343337127932,0.5387699902057648,0.509440004825592,0.7825866341590881,0.6000750064849854,0.967395007610321,0.6929088234901428,0.5128899812698364,0.45384499430656433,0.662568211555481
yandex_real_line_00395,1,13.043478,0.9989137351512908,0.5559400022029877,0.5181350111961365,0.9999402761459351,0.8383699953556061,0.5009500086307526,0.9999750852584839,0.8881949782371521,0.5130400061607361,0.9113709330558777
yandex_real_line_00397,1,13.171429,0.999973837286234,0.7569150030612946,0.5903800129890442,0.999998927116394,0.6122449934482574,0.5011399984359741,0.9990733861923218,0.9791249930858612,0.5234699845314026,0.9967808723449707
yandex_real_line_00399,1,14.466667,0.9877990408288996,0.9164449870586395,0.8130899965763092,0.996724545955658,0.49970000982284546,0.5025399923324585,0.5939314365386963,0.6050749719142914,0.5175800025463104,0.9995996356010437
yandex_real_line_00403,1,13.114286,0.0921617171353991,0.508094996213913,0.5129199922084808,0.1440466046333313,0.5039199888706207,0.5122550129890442,0.9448761940002441,0.4964500069618225,0.5651649832725525,0.9964467883110046
yandex_real_line_00410,0,20.294118,0.8986276611685753,0.5017749965190887,0.49476000666618347,0.6658232808113098,0.49853000044822693,0.7277450263500214,0.679354190826416,0.5063999891281128,0.5005500018596649,0.5039708614349365
yandex_real_line_00427,0,15.131579,0.0026117624856814,0.4942449927330017,0.38209500908851624,0.09945142269134521,0.4930199980735779,0.4873650074005127,0.0020368099212646484,0.5003400146961212,0.49783000349998474,0.4654466509819031
yandex_real_line_00430,0,23.259259,0.9575703293080462,0.5053200125694275,0.4991849958896637,0.060389041900634766,0.4959449768066406,0.49978500604629517,0.6666533350944519,0.4999749958515167,0.4518449902534485,0.8694790005683899
yandex_real_line_00437,1,12.4375,0.1350858809922935,0.5004099905490875,0.6744050085544586,0.851628839969635,0.5158649981021881,0.506074994802475,0.9905523061752319,0.9434249997138977,0.5046400129795074,0.9984501600265503
yandex_real_line_00441,1,13.52381,0.2330638289603087,0.46301499009132385,0.49961498379707336,0.6384698748588562,0.5155499875545502,0.49826502799987793,0.19715315103530884,0.49538499116897583,0.500555008649826,0.11126482486724854
yandex_real_line_00442,0,22.5,0.9144453110426018,0.30011001229286194,0.4740750193595886,3.612041473388672e-05,0.3467499911785126,0.4165400266647339,6.9141387939453125e-06,0.48562002182006836,0.4521450102329254,0.02675575017929077
yandex_real_line_00449,0,11.292683,0.8711357881023809,0.18314999341964722,0.3878600001335144,0.17139297723770142,0.49764499068260193,0.5,0.45425814390182495,0.4189950227737427,0.4985150098800659,0.7402390837669373
yandex_real_line_00454,0,10.055556,0.1440238049219546,0.5001699924468994,0.49934497475624084,0.0014502406120300293,0.4616050124168396,0.3925600051879883,0.47768449783325195,0.500540018081665,0.495279997587204,0.014432191848754883
yandex_real_line_00455,1,15.066667,0.5113171263712439,0.5081349909305573,0.537214994430542,0.3934175968170166,0.565960019826889,0.6253350079059601,0.8868415951728821,0.5015049874782562,0.617469996213913,0.9993036985397339
yandex_real_line_00458,1,26.027778,0.0801093317568302,0.5531600117683411,0.54960498213768,0.9972332119941711,0.4994499981403351,0.4996100068092346,0.045573651790618896,0.9992650151252747,0.9990249872207642,0.9937771558761597
yandex_real_line_00461,1,12.833333,0.6551340849319955,0.9097449779510498,0.5045550167560577,0.9987442493438721,0.4720100164413452,0.4998050034046173,0.9998412132263184,0.500789999961853,0.5265499949455261,0.9999339580535889
yandex_real_line_00462,1,11.075,0.703334524691709,0.5000500082969666,0.5000900030136108,0.8419547080993652,0.49998000264167786,0.5177100002765656,0.430141806602478,0.49023500084877014,0.5024899840354919,0.5998031497001648
yandex_real_line_00467,1,20.837838,0.2054622029652195,0.6329749822616577,0.9575349986553192,0.9997993111610413,0.6511049866676331,0.5010749995708466,0.9993219375610352,0.9956550002098083,0.6563200056552887,0.9999957084655762
yandex_real_line_00469,1,11.794872,0.5142000019766413,0.5002549886703491,0.5734300017356873,0.0878983736038208,0.5019699931144714,0.5002999901771545,0.4923628568649292,0.9350149929523468,0.5079950094223022,0.9999829530715942
yandex_real_line_00471,1,13.785714,0.1328070720161263,0.3772449791431427,0.47523999214172363,0.8874642848968506,0.5318799912929535,0.5294049978256226,0.3661842942237854,0.49993500113487244,0.49895501136779785,0.48180413246154785
yandex_real_line_00478,1,10.981481,0.9996866211295128,0.7255150079727173,0.5258350074291229,0.9864577651023865,0.9506149888038635,0.5970799922943115,0.9999473094940186,0.7867449820041656,0.7668499946594238,1.0
yandex_real_line_00479,0,30.066667,0.948021642863314,0.5704200267791748,0.5122849941253662,0.17175352573394775,0.5005149841308594,0.4994400143623352,0.30133581161499023,0.5098899900913239,0.4993100166320801,0.05475819110870361
yandex_real_line_00480,0,14.409091,0.0018009000481732,0.1973699927330017,0.4958049952983856,0.01860147714614868,0.27325502038002014,0.4997749924659729,0.01403266191482544,0.5014150142669678,0.5003150105476379,0.7723710536956787
yandex_real_line_00483,1,10.402062,0.9976864419877528,0.15700000524520874,0.6786499917507172,0.9998568296432495,0.9771599769592285,0.9467749893665314,1.0,0.9998150169849396,0.9986400008201599,0.9991599321365356
yandex_real_line_00485,1,12.391304,0.9997333213686944,0.7497499883174896,0.6016699969768524,0.8427129983901978,0.5084599852561951,0.5287899971008301,0.965489387512207,0.5156599879264832,0.5302749872207642,0.9917784333229065
yandex_real_line_00486,1,12.927711,0.99983000010252,0.4198949933052063,0.5027349889278412,0.9735273718833923,0.5038099884986877,0.8066000044345856,0.39750903844833374,0.9986650049686432,0.904435008764267,1.0
yandex_real_line_00487,1,10.125,0.9665651991963388,0.935135006904602,0.814740002155304,0.9999996423721313,0.5546149909496307,0.514724999666214,0.9962528944015503,0.9957450032234192,0.9993299841880798,0.9973439574241638
yandex_real_line_00489,0,17.666667,0.4610325036645708,0.39691001176834106,0.4939200282096863,0.6719235181808472,0.4994350075721741,0.5007449984550476,0.6799126863479614,0.49109500646591187,0.5019749999046326,0.7314096093177795
yandex_real_line_00490,0,12.347826,0.0339405238628387,0.41405999660491943,0.34461501240730286,0.008351802825927734,0.11995500326156616,0.03715500235557556,0.0163307785987854,0.019659996032714844,0.4829750061035156,0.0
yandex_real_line_00494,0,13.282609,0.026671502739191,0.37011998891830444,0.017835021018981934,0.002733469009399414,0.49329501390457153,0.4690900146961212,0.03274446725845337,0.2693299949169159,0.24579501152038574,0.016859471797943115
yandex_real_line_00495,1,11.952381,0.4568039141326548,0.4982350170612335,0.4964900016784668,0.9092691540718079,0.5001749992370605,0.4997499883174896,0.8165779113769531,0.5001800060272217,0.5053299963474274,0.8977859020233154
yandex_real_line_00498,1,13.846154,0.8107704184949398,0.9214999973773956,0.6280850172042847,0.7210922837257385,0.4948199987411499,0.5000450015068054,0.4532076120376587,0.5250050127506256,0.4999699890613556,0.678314745426178
yandex_real_line_00499,0,12.2,0.1862843483686586,0.48303499817848206,0.49942001700401306,0.8445623517036438,0.5025950074195862,0.4998199939727783,0.8065586090087891,0.4908500015735626,0.4918850064277649,0.799269437789917
yandex_real_line_00502,0,11.018868,0.0034191086888313,0.13969501852989197,0.08366000652313232,0.007711589336395264,0.3156050145626068,0.5978599786758423,0.0006753206253051758,0.023389995098114014,0.2645849883556366,3.4570693969726562e-06
yandex_real_line_00504,0,13.142857,0.0916176848113536,0.5004400014877319,0.5000099837779999,0.9991493225097656,0.4999900162220001,0.5000499784946442,0.06526720523834229,0.49104002118110657,0.4742700159549713,0.0003211498260498047
yandex_real_line_00508,1,17.842105,0.061194721609354,0.9448850154876709,0.7749750018119812,0.15936875343322754,0.29336997866630554,0.4968850016593933,0.14551013708114624,0.4895550012588501,0.5108700096607208,0.9212764501571655
yandex_real_line_00509,0,10.671233,0.005601193755865,0.2330249845981598,0.24222999811172485,0.1438201665878296,0.3278200030326843,0.06194999814033508,1.1920928955078125e-07,0.03115999698638916,0.029769986867904663,0.0
yandex_real_line_00516,1,12.142857,0.8946950821652683,0.5633549988269806,0.511929988861084,0.9952020645141602,0.4995499849319458,0.5000050067901611,0.6861655116081238,0.49162498116493225,0.4999900162220001,0.999994158744812
yandex_real_line_00518,1,15.509804,0.8753328323364258,0.5916999876499176,0.9915249943733215,0.9341199994087219,0.9534449875354767,0.5044649839401245,0.9998656511306763,0.9978049993515015,0.9740299880504608,0.9906766414642334
yandex_real_line_00524,0,10.588235,0.8141620506329595,0.5005050003528595,0.6090900003910065,0.7268211841583252,0.4919449985027313,0.49297499656677246,0.8224344253540039,0.4922650158405304,0.5217700004577637,0.536443293094635
yandex_real_line_00525,0,12.473684,0.0462143559256024,0.480540007352829,0.4991849958896637,0.11665767431259155,0.46642500162124634,0.4989500045776367,0.00010859966278076172,0.3145800232887268,0.464834988117218,0.8022418022155762
yandex_real_line_00527,0,10.307692,0.2592675915096601,0.499875009059906,0.49993500113487244,0.0015146136283874512,0.2291100025177002,0.49968498945236206,3.921985626220703e-05,0.4348600208759308,0.4712100028991699,0.06408083438873291
yandex_real_line_00530,0,10.409091,0.3883090768896029,0.5985850095748901,0.5002899765968323,0.08311164379119873,0.70939502120018,0.49825000762939453,0.09172332286834717,0.9443999826908112,0.5253849923610687,0.12246114015579224
yandex_real_line_00539,1,12.0,0.999732032418251,0.5059999823570251,0.502034991979599,0.9369294047355652,0.5458300113677979,0.5231600105762482,0.958623468875885,0.9507699906826019,0.6680099964141846,0.9973734617233276
yandex_real_line_00544,1,10.928571,0.8429534471107206,0.5329450070858002,0.5009199976921082,0.05028367042541504,0.6360200047492981,0.5000900030136108,0.9892938137054443,0.5353800058364868,0.753944993019104,0.4966502785682678
yandex_real_line_00548,0,17.935484,0.0300659590433024,0.3535749912261963,0.4995250105857849,5.960464477539062e-07,0.499765008687973,0.48980000615119934,3.5762786865234375e-07,0.5000750124454498,0.5001749992370605,6.747245788574219e-05
