image_id,target,rec_score_direct,rec_score_rotated,rec_score_difference,p_rec_oof,p_rec_full_fit,rec_text_direct,rec_text_rotated
yandex_real_line_00000,1,0.43870776891708374,0.8909974694252014,0.4522897005081177,0.9857681609477045,0.9887891512730294,-nsouk esvo 1osetndu hw,му придают едва улови-
yandex_real_line_00001,0,0.0,0.0,0.0,0.5,0.5,,
yandex_real_line_00002,1,0.28943461179733276,0.8038925528526306,0.5144579410552979,0.9920013676499458,0.9939120068884002,O,ПОЧТА РОССИИ
yandex_real_line_00003,0,0.9255800247192383,0.0,-0.9255800247192383,0.000171174774703222,0.00010439815211324852,1250 кДж/300 ккал.,
yandex_real_line_00004,1,0.0,0.992759108543396,0.992759108543396,0.9999714587520875,0.9999463273832419,,дукции сертифицирована на соответствие
yandex_real_line_00005,0,0.9835805296897888,0.47609463334083557,-0.5074858963489532,0.008534003254157999,0.00652040405639773,"упругость и эластичность,разглаживает", и
yandex_real_line_00006,1,0.4682435095310211,0.9654504060745239,0.4972068965435028,0.9906112703221908,0.9927858541985167,  ,«Я в неоплатном долгу перед Майклом Муркоком». НИЛ ГЕйМАн
yandex_real_line_00007,1,0.2933204174041748,0.93581622838974,0.6424958109855652,0.9975766171699822,0.9982795574198505,OHO,С КОЛЛАГЕНОМ
yandex_real_line_00008,0,0.8773863911628723,0.2557380497455597,-0.6216483414173126,0.0037452891052143704,0.0021141779078992055,FOCT 31460-2012,000
yandex_real_line_00009,0,0.9558055400848389,0.5542400479316711,-0.4015654921531677,0.022482738660359058,0.0183931433003274,"C175470,C177891.",1
yandex_real_line_00010,0,0.8508567214012146,0.2174980640411377,-0.6333586573600769,0.0012593646535082035,0.0018830926686052758,КОМПАНИЯ ВИММ-БИЛЛЬ-ДАН,-NN
yandex_real_line_00011,1,0.0,0.986782968044281,0.986782968044281,0.9999696031278215,0.9999430548242592,,PROFICENTER
yandex_real_line_00012,1,0.42215484380722046,0.794187605381012,0.3720327615737915,0.965825840107406,0.9755104123848624,этамнкиво wоte mта,олш дом овсложиелет
yandex_real_line_00013,0,0.6885964870452881,0.5089755058288574,-0.17962098121643066,0.13087017788339753,0.14442484887130855,SC АN I AРOCC ИЯ,B    N S
yandex_real_line_00014,1,0.0,0.9131653904914856,0.9131653904914856,0.9998077130657844,0.9998819443407726,,"РАБОТАМИ, БУДЕТ"
yandex_real_line_00015,1,0.0,0.9667601585388184,0.9667601585388184,0.9999624609368939,0.9999305652272247,,насышенность текстуры
yandex_real_line_00016,1,0.0,0.974224328994751,0.974224328994751,0.9999934251252268,0.9999355128756443,,Платная городская парковка
yandex_real_line_00017,1,0.5755513310432434,0.9871804714202881,0.4116291403770447,0.979305008877243,0.9833226537944538,гөdиw мовоиәв мон,ном деловом мире.
yandex_real_line_00018,0,0.45116233825683594,0.34468936920166016,-0.10647296905517578,0.2776163961024823,0.25835482454211084,стортот тсня,Ts
yandex_real_line_00019,0,0.9910506010055542,0.4751072824001312,-0.515943318605423,0.00788895114822579,0.005999618126395939,для приготовления эспрессо/капучино или другого напитка, 
yandex_real_line_00020,0,0.9918708801269531,0.0,-0.9918708801269531,8.982648398916553e-05,5.4146845719845934e-05,Почемумы завидуем,
yandex_real_line_00021,0,0.9535083770751953,0.0,-0.9535083770751953,0.00019078061960911633,7.91723617223123e-05,кожарук получаетоптимальный уход.,
yandex_real_line_00022,1,0.4078042805194855,0.9889817237854004,0.5811774432659149,0.9978191864423328,0.9968466706382207,   ,Система менеджмента безопасности пищевой про-
yandex_real_line_00023,1,0.0,0.9634987711906433,0.9634987711906433,0.9999611480890336,0.999928285915057,,клубная система
yandex_real_line_00024,1,0.5100359916687012,0.8332295417785645,0.3231935501098633,0.9541764090077597,0.9608717442723603, ,знаки безопасности
yandex_real_line_00025,0,0.9708731174468994,0.4775136113166809,-0.4933595061302185,0.011759752012795046,0.007492250506859527,по телефону горячей линии:,ини  оф
yandex_real_line_00026,0,0.9449511766433716,0.0,-0.9449511766433716,0.00020601887031253822,8.617439467169817e-05,Состав:мука пшеничная хлебопекарная,
yandex_real_line_00027,0,0.9567202925682068,0.24815157055854797,-0.7085687220096588,0.0005703806930347731,0.0008949425284203436,обычном режиме,ж
yandex_real_line_00028,1,0.0,0.9660673141479492,0.9660673141479492,0.9999621858000217,0.9999300871525266,,"Объект охр, няется"
yandex_real_line_00029,1,0.5455546975135803,0.9859087467193604,0.44035404920578003,0.9954742379978432,0.9874000851973227,:wogpd wnжd,Режим работы:
yandex_real_line_00030,0,0.9741052389144897,0.0,-0.9741052389144897,0.00010864307794983755,6.456322689807055e-05,ОБЩЕОБРАЗОВАТЕЛЬНОЕ УЧРЕЖДЕНИЕ,
yandex_real_line_00031,0,0.9405567646026611,0.474459171295166,-0.4660975933074951,0.007297637450709032,0.00979193244760834,Основан в 1841году,Аго1 81я неонэо
yandex_real_line_00032,1,0.5159602761268616,0.9194977283477783,0.40353745222091675,0.9740295351336204,0.9819561855673257,.,"Краснодар. ул. им. Леваневского, 185,"
yandex_real_line_00033,0,0.9871410727500916,0.4518686830997467,-0.5352723896503448,0.0014195594477142027,0.004959482278973754,"Россия, 127254, г. Москва, ул. Руставели, вл. 14, стр. 11. По вопросам качества",       
yandex_real_line_00034,0,0.9149100184440613,0.16833224892616272,-0.7465777695178986,0.0003821677726353856,0.0006143645214338216,"ВОДА ГАЗИРОВАННАЯ0,5",E
yandex_real_line_00035,1,0.2884834408760071,0.7404593825340271,0.45197594165802,0.9960723460854959,0.9887546511657894,КИНПИИЖ»ЛR,ГБУ «Жилищник
yandex_real_line_00036,1,0.42383038997650146,0.9005277752876282,0.4766973853111267,0.9887719652112438,0.9911753232583947, (λum uo) nmλdn,игрушки (от 12 штук) на
yandex_real_line_00037,1,0.41942518949508667,0.937834620475769,0.5184094309806824,0.9922898625146819,0.9941442999415616,иижэден иминежэмеи,Изысканный царский
yandex_real_line_00038,1,0.2384718805551529,0.8786643743515015,0.6401924937963486,0.9996068963520346,0.9982399282976897,00,ГOCТ P ИC0 9001-2015 (IS0 9001:2015).
yandex_real_line_00039,0,0.9652966856956482,0.33607327938079834,-0.6292234063148499,0.00044960328125087917,0.0019616645638242036,косметический эффект кремов,фф
yandex_real_line_00040,1,0.37090593576431274,0.8739863634109497,0.503080427646637,0.9912150350931536,0.9931907734667399,изоwизонадаиан донуелnвиFнй иду,при индиакдуальной непереносимости
yandex_real_line_00041,1,0.0,0.9797735810279846,0.9797735810279846,0.9999672723755856,0.9999389613212282,,Пищевая ценность на 100 г продукта
yandex_real_line_00042,0,0.23477546870708466,0.7886762022972107,0.553900733590126,0.9988697066149453,0.9958726434659665,Х,УКРЕЛЯЮЩИЙ КРЕМ-ФИЛЛЕРПРОТВИ
yandex_real_line_00043,1,0.5008932948112488,0.9335916638374329,0.4326983690261841,0.9950315519254411,0.9864210345487785, ,Количество: 1 шт.
yandex_real_line_00044,0,0.9744938611984253,0.0,-0.9744938611984253,6.553205618668484e-06,6.431521534214328e-05,ГИАЛУРОНОВАЯ КИСЛОТА,
yandex_real_line_00045,0,0.7646903395652771,0.3700924515724182,-0.3945978879928589,0.023967079975977336,0.0196813940972939,(И)МЕТИЛИЗОТИАЗбЛИНОН.,HOHИUOEYMIOEMM3WIM!
yandex_real_line_00046,0,0.9607980251312256,0.0,-0.9607980251312256,7.75004788344605e-06,7.365810204037954e-05,Бесплатно по воскресеньям,
yandex_real_line_00047,0,0.9187064170837402,0.44846111536026,-0.4702453017234802,0.014433902032701673,0.009401535100296458,"тeл. 62-81-68, www.gkh73.ru",.-
yandex_real_line_00048,0,0.28741076588630676,0.40310266613960266,0.1156919002532959,0.7472557303473364,0.7587509478660982,Пх* 8,-*…***
yandex_real_line_00049,0,0.9780339598655701,0.6155081391334534,-0.3625258207321167,0.03239389948201746,0.02684265650360524,придает лицу здоровый оттенок,   
yandex_real_line_00050,1,0.0,0.9533761143684387,0.9533761143684387,0.9999915124408847,0.9999207238654814,,МЫ УВАЖАЕМ ЗАКОН!
yandex_real_line_00051,1,0.41865360736846924,0.9737758040428162,0.5551221966743469,0.994593677615489,0.9959220717818092,-.,"Mustaqillik ko'chasi, 3 uy Tel: (+99871) 150-99-88."
yandex_real_line_00052,0,0.934078574180603,0.4111528992652893,-0.5229256749153137,0.0016509266997446327,0.005600980351381446,ценность(калорийность)-545,5TS-(oNdoUex)OHH
yandex_real_line_00053,0,0.9506735801696777,0.3391904830932617,-0.611483097076416,0.0015854355290047752,0.002337592256707269,"Дата изготовления (число, месяц, год):",O) 
yandex_real_line_00054,1,0.5995851755142212,0.9469859004020691,0.3474007248878479,0.9628571337254107,0.9689540993984472, .,эспрессо 30мл. + молоко 200мл.
yandex_real_line_00055,1,0.3771210014820099,0.749920129776001,0.3727991282939911,0.9704912488973423,0.9756910905763884,',"Гагарина,7а"
yandex_real_line_00056,1,0.5519415736198425,0.74297034740448,0.19102877378463745,0.8569190987940495,0.8689834572752088,ExdeжexdesodrL,Пароварка Жаржа
yandex_real_line_00057,1,0.42468273639678955,0.6109504699707031,0.18626773357391357,0.8419773129277295,0.8635208122016554,.,"ul. Мeталлургoв, ul. Викулова,"
yandex_real_line_00058,1,0.0,0.9069753885269165,0.9069753885269165,0.9997102629090664,0.9998744811199005,,МАШИНЫ УВОРОТ
yandex_real_line_00059,0,0.9988009333610535,0.0,-0.9988009333610535,8.620193257826248e-05,5.055521961528899e-05,Аварийный участок,
yandex_real_line_00060,1,0.5326966047286987,0.7469601035118103,0.21426349878311157,0.8821314399546041,0.8930349407506628,MdAiedaunetsnood,уровня температуры
yandex_real_line_00061,0,0.9133004546165466,0.0,-0.9133004546165466,0.00018789154205076282,0.0001178978590001913,работает по летиему графику:,
yandex_real_line_00062,0,0.9307868480682373,0.0,-0.9307868480682373,1.1192802084276349e-05,9.915134695734834e-05,см.на крышке.,
yandex_real_line_00063,0,0.6687121391296387,0.5043818950653076,-0.16433024406433105,0.1503172003878152,0.164163374160149,Продутготов кутереблениа,saugad.auksoucprod
yandex_real_line_00064,0,0.9071791172027588,0.3145594298839569,-0.5926196873188019,0.003807327917002363,0.002816428726352257,стать кем-то,0L-MNеI
yandex_real_line_00065,0,0.9282971620559692,0.23916158080101013,-0.6891355812549591,0.0015667597862834956,0.0010846803813309288,ГОСТ 31703-2012.,0
yandex_real_line_00066,1,0.0,0.966651201248169,0.966651201248169,0.9998304581902145,0.9999304902619846,,"Экстракт Лотоса тонизирует, освежает"
yandex_real_line_00067,1,0.0,0.9801474809646606,0.9801474809646606,0.9999674010995837,0.9999391869282792,,Режим работы кассы
yandex_real_line_00068,0,0.9972087144851685,0.5379267930984497,-0.45928192138671875,0.0131973924000905,0.01046859157479436,Новый самолёт авиакомпании,н  
yandex_real_line_00069,0,0.9431341886520386,0.6264876127243042,-0.3166465759277344,0.034303617821771965,0.04164036569902167,ГБУ «Жилищник района,еноиdинтииж»
yandex_real_line_00070,1,0.42309245467185974,0.5312322378158569,0.10813978314399719,0.7341643895142494,0.7447957045853989,3aw y-u130Htor00),Сооклодности- 24Pе
yandex_real_line_00071,1,0.2183518409729004,0.5792824029922485,0.36093056201934814,0.988116604017117,0.9727415172052282,нO9Nе,Самыетверонтшш
yandex_real_line_00072,1,0.8481646180152893,0.0,-0.8481646180152893,3.079043346717121e-05,0.0002247153980267899,"ИзГОТОВИТЕЛЬ: АО ЭВЕЛИН КОСМЕТИКС сп.к., 05-506 ЛеШНОволя",
yandex_real_line_00073,1,0.5686823129653931,0.9207198023796082,0.3520374894142151,0.9761221143206193,0.9703062233991543, и    ,"выходов, всех подьездов разблокированы и ничто"
yandex_real_line_00074,0,0.0,0.0,0.0,0.5,0.5,,
yandex_real_line_00075,1,0.4274871051311493,0.9832408428192139,0.5557537376880646,0.9988950422500937,0.995947396373789,  и ,обеспечивают идеальный демакияж и очищение кожи
yandex_real_line_00076,0,0.9896252155303955,0.4068260192871094,-0.5827991962432861,0.0007936341924360791,0.0031032402339835055,КОФЕ И ЛЮБОГО, И ЭФН
yandex_real_line_00077,1,0.0,0.8116405606269836,0.8116405606269836,0.9993181175008957,0.9996773781530203,,"ул. Новосёлки, Δ."
yandex_real_line_00078,0,0.3726997971534729,0.5412284135818481,0.16852861642837524,0.8552478230760945,0.8414628435998729,рсрова  Бровк,dudydg
yandex_real_line_00079,1,0.5292335152626038,0.9895984530448914,0.4603649377822876,0.9842477318916378,0.9896419426305337, ,Нижний Новгород
yandex_real_line_00080,0,0.9903534054756165,0.30442580580711365,-0.6859275996685028,0.00022454603585875816,0.0011196577552992982,Краснопрудная 7/9,/о
yandex_real_line_00081,1,0.0,0.9656085968017578,0.9656085968017578,0.9999620025292356,0.9999297688199833,,Аптечный пункт № 53-3
yandex_real_line_00082,1,0.23512212932109833,0.5877158641815186,0.3525937348604202,0.9762583886024803,0.9704645443087813,АHOHИUЛK,BKYC JИМOHA
yandex_real_line_00083,0,0.8724594116210938,0.0,-0.8724594116210938,0.00039499902336618176,0.0001766659347953463,ХЛЕБОПЕКАРНАЯ ВЫСШИЙ СОРТ.,
yandex_real_line_00084,0,0.9991227388381958,0.6121417284011841,-0.3869810104370117,0.02593210364704564,0.021190910253641847,кафедральный собор,нф
yandex_real_line_00085,0,0.9992527961730957,0.4799268841743469,-0.5193259119987488,0.00933627926259808,0.005803094989903985,восстанавливает кожу рук,кΛd Ажрн
yandex_real_line_00086,1,0.2529212534427643,0.9274010062217712,0.674479752779007,0.9982030268181669,0.9987460843083402,1e moue,Элегантиый цвет
yandex_real_line_00087,0,0.9611932635307312,0.0,-0.9611932635307312,3.9807582354804035e-05,7.33703486217449e-05,Погружной дренажный насос,
yandex_real_line_00088,0,0.9549025893211365,0.0,-0.9549025893211365,0.00012711842999788388,7.808669637556273e-05,ЖИЗНЬ ЗАМЕЧАТЕЛЬНЫХ ЛЮДЕЙ,
yandex_real_line_00089,0,0.9894895553588867,0.7769269943237305,-0.21256256103515625,0.11954009876533105,0.10858498859395482,Смягчает и питает нежную,оХнжан шәошпи п шәрьгвиэ
yandex_real_line_00090,0,0.9807687401771545,0.0,-0.9807687401771545,0.00014935398492294837,6.0440053073886456e-05,Срок годности: 12 месяцев.,
yandex_real_line_00091,0,0.9713132977485657,0.0,-0.9713132977485657,3.578009304079245e-05,6.637333096249367e-05,ЭЛЕКТРОТЕХНИЧЕСКОЕОБОРУДОВАНИЕ МЕУЕРТЕС,
yandex_real_line_00092,1,0.0,0.9633964896202087,0.9633964896202087,0.9998798913012968,0.9999282132353576,,THE NATIVITY OF CHRIST
yandex_real_line_00093,0,0.9462270140647888,0.38614392280578613,-0.5600830912590027,0.0027223600446358207,0.0038831651189952655,сентября пом Учёных,овкнә
yandex_real_line_00094,0,0.9734952449798584,0.37182673811912537,-0.601668506860733,0.003548717298673093,0.002575617179487231,корнями в глубокое,ожодки  иминдом
yandex_real_line_00095,1,0.0,0.9742841720581055,0.9742841720581055,0.9999653229384609,0.9999355510834942,,СПОСОБНЫ ТВОРИТЬ
yandex_real_line_00096,0,0.9597724080085754,0.5315285921096802,-0.42824381589889526,0.005245591969571365,0.01418278232435911,"Россия, 111524, г. Москва, уп. Электродная, д. 9, стр. 3, пом.",        
yandex_real_line_00097,0,0.9026176333427429,0.0,-0.9026176333427429,7.380578667780172e-05,0.00013105420717241694,ГOCT P 54316-2011,
yandex_real_line_00098,0,0.7722999453544617,0.20217417180538177,-0.5701257735490799,0.0047632062603921955,0.0035168048365729863,ГОПЯЧАЯВОДА,OD
yandex_real_line_00099,1,0.5121197700500488,0.8849783539772034,0.37285858392715454,0.980736632856736,0.9757050533479039,  - ,Новинка от «Эвелин - тональный крем КАшЕмИР
yandex_real_line_00100,0,0.9779416918754578,0.0,-0.9779416918754578,3.3365679432811604e-05,6.215617367463204e-05,ВЕДЕТ ПОСТОЯННЫЙ НАБОР НА КАТЕГОРИИ,
yandex_real_line_00101,0,0.9378490447998047,0.27823635935783386,-0.6596126854419708,0.0020650182209696567,0.0014525487188377022,Морской порт, P
yandex_real_line_00102,1,0.41579556465148926,0.7857283353805542,0.36993277072906494,0.9801452857608685,0.9750085853930984,52-S068-0C0-S2ZE0AL,TY 20.32.25-020-8912445-2028
yandex_real_line_00103,0,0.9877969026565552,0.0,-0.9877969026565552,5.567913396169048e-06,5.6376210113999615e-05,Швейнаямастерская,
yandex_real_line_00104,0,0.9734445214271545,0.0,-0.9734445214271545,0.00015950791409302252,6.498708162689283e-05,Срок годности: 24 месяца.,
yandex_real_line_00105,0,0.9894535541534424,0.0,-0.9894535541534424,0.0001381479770321951,5.545879193425541e-05,ПРАВИЛА ОФОРМЛЕНИЯ,
yandex_real_line_00106,1,0.0,0.7085078954696655,0.7085078954696655,0.9998296981037055,0.9991045186407138,,YHИBEPCAMAABOCbKA
yandex_real_line_00107,0,0.7787629961967468,0.6273117065429688,-0.15145128965377808,0.13529071607210943,0.18242337360877606,Копированиеудостов.,garotiKaNreoduuoy
yandex_real_line_00108,1,0.46502918004989624,0.9721609950065613,0.507131814956665,0.9895943144109396,0.9934568391634245,виаиатв и инеижее вен,не допуская замораживания и воздействия
yandex_real_line_00109,1,0.17051225900650024,0.9056663513183594,0.7351540923118591,0.9998771137753056,0.999312089995795,AE,ЭТОМ ЗДАНИИ С АПРЕЛЯ
yandex_real_line_00110,1,0.5983074307441711,0.9823974370956421,0.38409000635147095,0.9733747896420734,0.9782069684310626,.,WWW.NATIONAL-GEOGRAPHIC.RU
yandex_real_line_00111,0,0.7642220258712769,0.40449613332748413,-0.3597258925437927,0.03801652909207795,0.027576639343290694,1967 по 2012годb,1910121001291
yandex_real_line_00112,0,0.9650543928146362,0.5426406860351562,-0.42241370677948,0.0056316742388694266,0.015013187514484815,"питает, регенерирует, защищает кожу от истончения.",.
yandex_real_line_00113,0,0.9992361068725586,0.5424182415008545,-0.4568178653717041,0.01350226401519332,0.010724443538069003,"от нефтепродуктов,",'фн 
yandex_real_line_00114,0,0.7108839750289917,0.0,-0.7108839750289917,0.0012782817764194873,0.0008746719487964587,БИБЛИОТЕКАН°4,
yandex_real_line_00115,1,0.333054780960083,0.8458086848258972,0.5127539038658142,0.9901016452443352,0.993809027900944,АЖОХ аЖВ ОНИНИ Й ЗЛ,АОУА-АСТИУЕ КОМПЛЕКС ИНТЕНСИВНО УВЛОЖНЯЕТ КОЖУ
yandex_real_line_00116,0,0.9546895623207092,0.28808748722076416,-0.6666020750999451,0.0019038022295946773,0.001355529436608963,СЧЕТЧИК ОДНОФАЗНЫЙ,МIНЕВОНО КH
yandex_real_line_00117,1,0.33578190207481384,0.6668383479118347,0.3310564458370209,0.9572997922629843,0.9636968521141848,8,ПОВОДОВ
yandex_real_line_00118,0,0.8251814842224121,0.0,-0.8251814842224121,0.0004298361606494854,0.0002821414154828359,иммунитетаProпutrit,
yandex_real_line_00119,1,0.0,0.9593784809112549,0.9593784809112549,0.9999921140287557,0.999925299061917,,защитные свойства кожи
yandex_real_line_00120,1,0.5207378268241882,0.9785084128379822,0.45777058601379395,0.9920382258904655,0.9893752062619378,    ,температуре от 0 до +10 °С и относи-
yandex_real_line_00121,1,0.5700780153274536,0.9229836463928223,0.35290563106536865,0.9763344675573533,0.9705529590833201, ,ГБУ3 «Городская поликлиника № 214 ДЗМ»
yandex_real_line_00122,0,0.956928014755249,0.4596801996231079,-0.4972478151321411,0.002259690572044175,0.007211243805090888,"КОМПЛЕКС ВИТАМИНОВ РР,",  
yandex_real_line_00123,1,0.4474875032901764,0.9498069286346436,0.5023194253444672,0.9910464954358295,0.9931396106768345, ,концентрат смеси
yandex_real_line_00124,1,0.3065885305404663,0.6654804348945618,0.35889190435409546,0.9667985459800995,0.9722009914549229,H3,НА ОБУЧЕНИЕ
yandex_real_line_00125,1,0.9768720865249634,0.36597833037376404,-0.6108937561511993,0.004123549404195115,0.0023512444863879292,PURE&,84
yandex_real_line_00126,0,0.9493139982223511,0.0,-0.9493139982223511,0.00013396934618357286,8.253035547485998e-05,O'ZBEKISTONDAISHLAB CHIQARILGAN,
yandex_real_line_00127,1,0.5357611775398254,0.912249743938446,0.3764885663986206,0.9814463424615832,0.9765428732857813,оисато зонанонт зошчылио,открытое Акцнонерное обшество
yandex_real_line_00128,0,0.9996256232261658,0.6728498339653015,-0.32677578926086426,0.03093734727921685,0.03781592227849198,ФОРМЫ ОБУЧЕНИЯ:,:ВИНЭҺЛ9O IWOФ
yandex_real_line_00129,1,0.7142436504364014,0.9767327904701233,0.2624891400337219,0.9212544548159816,0.9308463401207864,:(иwOS|Ажтоһ он) ӧниьΛирж-,-капучино (на чашку 150мл);
yandex_real_line_00130,1,0.398846298456192,0.982761025428772,0.58391472697258,0.994751702362963,0.9969307526052035, ,Уважаемые покупатели!
yandex_real_line_00131,0,0.9379709362983704,0.0,-0.9379709362983704,0.0002193457761004404,9.234218713449299e-05,«Детский сад № 453»,
yandex_real_line_00132,1,0.28680387139320374,0.7134040594100952,0.4266001880168915,0.9821447595416799,0.9855878023453196,IHMMEYYY3OOO,ФОТОСЪЁМКАРАЗРЕШИНА
yandex_real_line_00133,0,0.9846928119659424,0.0,-0.9846928119659424,9.609177060645874e-05,5.813624189895961e-05,крема распределить на предварительно,
yandex_real_line_00134,1,0.0,0.6068507432937622,0.6068507432937622,0.9966189137164465,0.9975529290239059,,1йщИПКОВСКИЙ
yandex_real_line_00135,0,0.9896897673606873,0.37687063217163086,-0.6128191351890564,0.0031513602076077884,0.0023069347529842766,СВИДЕТЕЛЬСТВО №290340403 ВЫДАНО БРЕСТСКИМ ОИК 18.12.2003, 
yandex_real_line_00136,1,0.0,0.9438027143478394,0.9438027143478394,0.9999904565514541,0.9999128398890985,,CTO 27562252-003-2017
yandex_real_line_00137,0,0.9845780730247498,0.4619327187538147,-0.5226453542709351,0.0016565952486826529,0.00561646489945661,"Книги, изменившие мир.",dnw әптәпнәwen 'пгпнy
yandex_real_line_00138,0,0.9755659699440002,0.0,-0.9755659699440002,0.00015649783580443113,6.363594342710218e-05,Правила составления,
yandex_real_line_00139,1,0.8490942716598511,0.9976051449775696,0.1485108733177185,0.8014047105321994,0.8131928883389277,оХншптоє çә шәртічөой,повышает её защитную
yandex_real_line_00140,1,0.0,0.9724239706993103,0.9724239706993103,0.9999646363273198,0.9999343527536565,,г.Евпатория
yandex_real_line_00141,1,0.5896517038345337,0.9967032074928284,0.4070515036582947,0.9784176156122497,0.9825626194577335,700070622,771729040004
yandex_real_line_00142,0,0.9565811157226562,0.5592920780181885,-0.3972890377044678,0.027428529720752395,0.01917366350343678,Тоник для жирной кожи,ИЖОЙ ИОНДИЖ ВИНО
yandex_real_line_00143,0,0.9537763595581055,0.3045971989631653,-0.6491791605949402,0.00035214607028565724,0.0016104249302806217,до 09.01.2019,050.1
yandex_real_line_00144,1,0.6075531244277954,0.9075031280517578,0.2999500036239624,0.943241751841764,0.9512367362244079,00-5T0700-6,9-00 Д0 15-00
yandex_real_line_00145,1,0.3158031404018402,0.6000944972038269,0.2842913568019867,0.9278043019038671,0.9435182572629279,ИЯаУиОНИ Ун,НА ИНОМАРКИ
yandex_real_line_00146,0,0.7132731080055237,0.0,-0.7132731080055237,0.0016481423349480266,0.0008542353466419541,УПРАВЛЯЮЩАя кОМпАНИЯаВАРИЙНОЙ,
yandex_real_line_00147,1,0.48674505949020386,0.8333933353424072,0.34664827585220337,0.9626041630504475,0.9687291289601234,оевтожафоя гасоь,"чостей кофемашн,"
yandex_real_line_00148,0,0.9532124400138855,0.0,-0.9532124400138855,0.00012915254683735486,7.940474108204298e-05,РЕГУЛИРОВКА СВЕТА ФАР,
yandex_real_line_00149,0,0.9197637438774109,0.5043466687202454,-0.4154170751571655,0.02340364191213515,0.016073128382954462,"0С до +25°С, вдали от отопительных приборов.",    
yandex_real_line_00150,0,0.8624868988990784,0.2991985082626343,-0.5632883906364441,0.0010076495857747705,0.003762282310171641,ОООЭкоЛайн»,ИоКЕ»ООО
yandex_real_line_00151,0,0.970252513885498,0.41645774245262146,-0.5537947714328766,0.006867535128428817,0.004131672470732466,"Условия хранения: хранить в сухих,",их а ине иннех и
yandex_real_line_00152,1,0.3863050937652588,0.7070191502571106,0.3207140564918518,0.9528031025635699,0.9599379254729814,KOMPMAN,БAPCYШИ&WOK
yandex_real_line_00153,1,0.4297846555709839,0.7649512887001038,0.3351666331291199,0.9716069917435299,0.9650944700039203, -N,SCАNIА — ЛИДЕР
yandex_real_line_00154,0,0.9612561464309692,0.5836504101753235,-0.37760573625564575,0.027998880357486787,0.023204999663523813,суббота и воскресенье - выходные,    
yandex_real_line_00155,0,0.9948686957359314,0.35169604420661926,-0.6431726515293121,0.0011357431184038293,0.0017089676165133838,тельной влажности воздуха не более,   
yandex_real_line_00156,0,0.9436607360839844,0.0,-0.9436607360839844,0.00020842011163620978,8.728275017556275e-05,PEMOHTO21-51-63,
yandex_real_line_00157,1,0.0,0.9523007273674011,0.9523007273674011,0.9998697367151427,0.9999198750568683,,перерыв с 12:30-13:30
yandex_real_line_00158,1,0.4321931004524231,0.9918451905250549,0.5596520900726318,0.9972652781783878,0.9961002879626553,  ,нечных лучей. После вскрытия упаковки
yandex_real_line_00159,0,0.9421856999397278,0.4862655997276306,-0.45592010021209717,0.016383348711207318,0.0108191910674783,ЗА ПОЖАРНУЮ БЕЗОПАСНОСТЬ,ЯТЭОНЗВЦОЕЗЯОАНАУЖОЦ УE
yandex_real_line_00160,0,0.0,0.09791695326566696,0.09791695326566696,0.7373207183191278,0.7250788168134157,,-
yandex_real_line_00161,0,0.850677490234375,0.2415081262588501,-0.6091693639755249,0.0016245125615683598,0.002391649035931489,ИЗГОТОВИТЕЛЬ: СУПРА ТЕХНОЛОДЖИ ПИМИТЕД,O
yandex_real_line_00162,1,0.3756837248802185,0.42538607120513916,0.049702346324920654,0.6143677140605848,0.6206399671706696,* * 1,*  
yandex_real_line_00163,0,0.933558464050293,0.5207316279411316,-0.4128268361091614,0.02046876983728518,0.01648392501750599,"с. Корболиха, Третьяковского РАЙпО, ул.Кирова, 43", 
yandex_real_line_00164,1,0.36171722412109375,0.9461497068405151,0.5844324827194214,0.995889547571764,0.9969464034591486, ,металлической пыли.
yandex_real_line_00165,1,0.0,0.9795032143592834,0.9795032143592834,0.9998489389312183,0.9999387976637878,,Фито-протеины эффективнопитаютивосстанавливают
yandex_real_line_00166,0,0.8199303150177002,0.2536733150482178,-0.5662569999694824,0.0025512792502318986,0.003653672686078762,В 2О18 ГОДУ,8
yandex_real_line_00167,0,0.8940272927284241,0.21368715167045593,-0.6803401410579681,0.00024044701196599113,0.0011832904253400917,ЧЕСТЬ ОСВОБОЖДЕНИЯ,BИ
yandex_real_line_00168,0,0.8428924679756165,0.6509128212928772,-0.19197964668273926,0.1419919704121322,0.12994804691130937,ISSN 1729-0406,90h0-622T NSSI
yandex_real_line_00169,0,0.7123082876205444,0.11832477152347565,-0.5939835160970688,0.0006921061094725374,0.0027787459637055294,МЕНООСТАВШЕЕСЯ ВРЕМЯ,S
yandex_real_line_00170,1,0.8461177349090576,0.9161393046379089,0.07002156972885132,0.6587606158928546,0.6667478461109219,asuadgp asop dny,Cup ckose dispense
yandex_real_line_00171,0,0.3122023046016693,0.15005333721637726,-0.16214896738529205,0.17898902233750652,0.16714928154186648,brC,DомеC
yandex_real_line_00172,0,0.9176685214042664,0.0,-0.9176685214042664,6.297921639010884e-05,0.00011290662258257509,КАТАЛОГ 2019ВН,
yandex_real_line_00173,1,0.0,0.9725663661956787,0.9725663661956787,0.9998897792025275,0.9999344452661831,,Сохраняет влагу в коже
yandex_real_line_00174,0,0.9722277522087097,0.4892348349094391,-0.48299291729927063,0.002689593749505248,0.008295663484322625,применения. При попадании в глаза промыть водой. Хранить,нв   в ин  ини
yandex_real_line_00175,0,0.9474154114723206,0.0,-0.9474154114723206,4.602920098099166e-05,8.409681708004845e-05,устраняет сухость,
yandex_real_line_00176,0,0.8877851963043213,0.34517142176628113,-0.5426137745380402,0.006076313323295403,0.004613275714811862,Таймер на 60 минут,w 9  dw
yandex_real_line_00177,0,0.8910940885543823,0.38627099990844727,-0.5048230886459351,0.00874772270351815,0.006693489083085945,FUNUDAY,XaTNMH
yandex_real_line_00178,0,0.9897627234458923,0.35042160749435425,-0.6393411159515381,0.003196756730253366,0.0017749494078451715,e-mail: info@magnit.ru,no.-
yandex_real_line_00179,1,0.5939130187034607,0.9835651516914368,0.3896521329879761,0.9749217222892799,0.9793509310981575,98-54-895-726-865-04-416-806-8,"8-908-914-70-59, 8-922-568-45-86"
yandex_real_line_00180,0,0.9468812942504883,0.0,-0.9468812942504883,0.00020247884886183298,8.454283376314154e-05,Рады накормить,
yandex_real_line_00181,0,0.9365293383598328,0.0,-0.9365293383598328,0.00022220371973079018,9.366997958817052e-05,виды писем,
yandex_real_line_00182,1,0.2657301723957062,0.864085853099823,0.5983556807041168,0.9953871908261012,0.9973387008561337,АHHЭПW,МУКА ПШЕНИЧНАЯ
yandex_real_line_00183,0,0.4960270822048187,0.49851855635643005,0.002491474151611328,0.505835992582523,0.5061687449595326, 6 r *,* 4  
yandex_real_line_00184,1,0.0,0.6561808586120605,0.6561808586120605,0.997867643568038,0.9984973063416978,,H.C.JeckoB
yandex_real_line_00185,1,0.33758559823036194,0.7967169880867004,0.4591313898563385,0.9840750298423513,0.9895159528640839,20 ,Для здорового
yandex_real_line_00186,1,0.37867042422294617,0.9888965487480164,0.6102261245250702,0.9983934531410058,0.9976331935392377,)иж,РАЗМОРАЖИВАНИЕ (КГ)
yandex_real_line_00187,1,0.4169003963470459,0.4082314968109131,-0.008668899536132812,0.47970433221579806,0.4785483967198904, ** ,"** *e*, у"
yandex_real_line_00188,0,0.8290696740150452,0.0,-0.8290696740150452,3.890293894983671e-05,0.000271485680817996,НЕ ОТВЛЕКАЙСЯ,
yandex_real_line_00189,1,0.0,0.966902494430542,0.966902494430542,0.9999625172118483,0.999930663035974,,компенсацию в детские
yandex_real_line_00190,0,0.46289241313934326,0.3671005368232727,-0.09579187631607056,0.29725977786386604,0.2791365629598861,паркофрна композиция бе нилрарициа,Letedod
yandex_real_line_00191,0,0.8153416514396667,0.0,-0.8153416514396667,0.00018516628019083154,0.0003110133681298006,Масса нетто: 3 кг,
yandex_real_line_00192,0,0.9441336393356323,0.7222995758056641,-0.22183406352996826,0.1111964428370807,0.100010817349284,ный в Европе оттенок,   
yandex_real_line_00193,0,0.9833756685256958,0.5512977242469788,-0.43207794427871704,0.020216630943017597,0.013661519666075343,Позволь себе больше!, 
yandex_real_line_00194,0,0.9593653082847595,0.5791460275650024,-0.3802192807197571,0.027338402694192465,0.02262545600941446,"Кирово-Чепецк, пер. Пожарный,",  .
yandex_real_line_00195,1,0.0,0.8991751670837402,0.8991751670837402,0.9996892425455435,0.9998644010541263,,т.ц.Мега-ЖБИ
yandex_real_line_00196,1,0.0,0.9794091582298279,0.9794091582298279,0.9998488112816026,0.9999387406272366,,ТОВАРЫ ПОВСЕДНЕВНОГО СПРОСА
yandex_real_line_00197,1,0.3955894112586975,0.8233926892280579,0.42780327796936035,0.9790086870768174,0.9857560834423738,8-7-8,УСТАНОBKA 8-918-741-40-87
yandex_real_line_00198,1,0.0,0.9854604005813599,0.9854604005813599,0.9999023215002358,0.9999423040321455,,Уважаемые коллеги!
yandex_real_line_00199,1,0.5077036023139954,0.9626455903053284,0.454941987991333,0.9917992498049059,0.9890766392868876,- .,"Изготовитель: 00 «Кондитер-Сервис»,"
yandex_real_line_00200,1,0.6169304847717285,0.6840894222259521,0.06715893745422363,0.6523255118943905,0.6604186077310518,xmpmuchoy g nEorynd,Pacckazu  kapmunkax
yandex_real_line_00201,0,0.9643123745918274,0.0,-0.9643123745918274,7.4235381312069595e-06,7.113856530363245e-05,ВИДНЫЙ ДЕЯТЕЛЬ,
yandex_real_line_00202,0,0.9816579818725586,0.41001319885253906,-0.5716447830200195,0.004632677621788978,0.0034644735782034986,(926) 634-00-01,-002)
yandex_real_line_00203,0,0.9560404419898987,0.3507387042045593,-0.6053017377853394,0.0034303481031045203,0.002484808828844019,СОХРАНИМ ПЛАНЕТУ ВМЕСТЕ!, 
yandex_real_line_00204,1,0.5000040531158447,0.9630579352378845,0.4630538821220398,0.9871159777675396,0.9899114115465718,   ,"Выдача справок, выписок из домовой"
yandex_real_line_00205,1,0.0,0.4900774359703064,0.4900774359703064,0.9975333945060516,0.9922621164221844,,обпадает аусокоатыми свойстван
yandex_real_line_00206,1,0.29450803995132446,0.8470268249511719,0.5525187849998474,0.9930538557703228,0.9958160011559083,O,КАЧЕСТВО -ГАРАНТИЯ
yandex_real_line_00207,1,0.45185744762420654,0.8936634063720703,0.44180595874786377,0.9843221947082348,0.9875777420895572,оловн хмнжен,нежных цветов
yandex_real_line_00208,1,0.0,0.9158477187156677,0.9158477187156677,0.9999865599060475,0.9998850390167687,,ЗА УСТАНОВЛЕНИЕ
yandex_real_line_00209,1,0.0,0.7465521097183228,0.7465521097183228,0.999617728889539,0.9993854794191178,,ВрашннеУстранниеЧасы
yandex_real_line_00210,0,0.9725339412689209,0.4263078570365906,-0.5462260842323303,0.005874771758148819,0.004451864639376538,ПАРФЮМЕРИЯ КОСМЕТИКА АКСЕССУАРЫ, B
yandex_real_line_00211,0,0.9201021194458008,0.0,-0.9201021194458008,6.138436372263904e-05,0.00011021806426370599,Модель / Моdеl: KES-1726,
yandex_real_line_00212,0,0.9862920641899109,0.4374917149543762,-0.5488003492355347,0.0012030663794238782,0.004340280124662039,"Выходная мощность микроволновой печи, Вт",  о 
yandex_real_line_00213,0,0.9677002429962158,0.0,-0.9677002429962158,0.00016795211300925264,6.879132068653685e-05,ETE CENERALE CROUP,
yandex_real_line_00214,1,0.0,0.5919830799102783,0.5919830799102783,0.9992907391638304,0.9971658077077833,,КОНСЕРВАНТОВL69%
yandex_real_line_00215,0,0.9628101587295532,0.32827162742614746,-0.6345385313034058,0.0033371982120263387,0.0018612560389985723,"Книги, изменившие мир.", maнn n
yandex_real_line_00216,1,0.4497233033180237,0.9636225700378418,0.5138992667198181,0.9955780007572825,0.9938784338471435, ,Прием документов на
yandex_real_line_00217,1,0.3642379641532898,0.9698687791824341,0.6056308150291443,0.9966292325662632,0.9975232566242631,9-CЖипини,Администрация ЖЭС-76
yandex_real_line_00218,1,0.32264605164527893,0.9634807109832764,0.6408346593379974,0.9975386958552255,0.9982510676319296,и,Игновенно увлажняет и освежает
yandex_real_line_00219,1,0.6366470456123352,0.9425516724586487,0.3059046268463135,0.9769485162084466,0.9539007048133206,енатиснэнепинедшыекоито,Ошибка. Страница ненайдена
yandex_real_line_00220,0,0.95367830991745,0.21947762370109558,-0.7342006862163544,0.0010276667123210103,0.0006944320283713118,мужская детская женская,вехжвевеж
yandex_real_line_00221,1,0.0,0.8173105716705322,0.8173105716705322,0.9993519521989415,0.9996949910303418,,ул. Новгородцевой
yandex_real_line_00222,0,0.9677335023880005,0.5757458806037903,-0.3919876217842102,0.024773117057563986,0.02018644193401273,Экстракт фиалки увлажняет и смягчает, и  ф 
yandex_real_line_00223,0,0.0,0.3597046732902527,0.3597046732902527,0.9667672168934608,0.9724177243787648,,WW
yandex_real_line_00224,1,0.0,0.9699225425720215,0.9699225425720215,0.9998896077551976,0.9999327061515596,,Обменяем Ваши маленькие
yandex_real_line_00225,0,0.9547764658927917,0.41783660650253296,-0.5369398593902588,0.00798105331400001,0.0048786450270366195,"Масло Ши питает, увлажняет, смягчает и", 
yandex_real_line_00226,1,0.2545715570449829,0.8192707300186157,0.5646991729736328,0.9937691963186243,0.9962897279335577,МOняоК,ЖИБАЯ ВОДА ДРЕВНЕГО УРАЛА
yandex_real_line_00227,0,0.9752509593963623,0.398146390914917,-0.5771045684814453,0.0055774967786192805,0.0032827053736964548,КАЖДЫЙ ДЕНЬ 7:30-12:00,:-A
yandex_real_line_00228,1,0.43085986375808716,0.6542724370956421,0.22341257333755493,0.8907783669710055,0.9013876033551225,151--,BT-4-1250 ОБОPОТ. ДИCКА
yandex_real_line_00229,1,0.30099573731422424,0.8545932769775391,0.5535975396633148,0.9970855904797833,0.9958602821248587,uинdоoн ernк3 md чnоro,Доложить старшему смены в возорании.
yandex_real_line_00230,1,0.4923672378063202,0.9156242609024048,0.4232570230960846,0.9814015658270053,0.985109827486906,WOJO9 LI9G OHYADL,Трудно быть богом
yandex_real_line_00231,1,0.3243701756000519,0.8881692886352539,0.563799113035202,0.9973819358092038,0.9962566294532955,05805-020,220-240 B ~50 Гц
yandex_real_line_00232,1,0.41756704449653625,0.9615451693534851,0.5439781248569489,0.9967755922834447,0.9954483618565231,иLэн шкдок хи уоmлг на3в,всей душой их лобят дети
yandex_real_line_00233,1,0.5225352048873901,0.9168077111244202,0.39427250623703003,0.9920691214312556,0.9802563312734258,пєоrьж19єпнdьУ,карнизы • жалюзи
yandex_real_line_00234,0,0.9550449252128601,0.4571952223777771,-0.497849702835083,0.00933287680361282,0.007168690848226167,Есть вопросы обращаемся к ДММ., 
yandex_real_line_00235,0,0.6699785590171814,0.39529144763946533,-0.27468711137771606,0.07084315809636518,0.06177012065776894,yЛ. ЛЕНИНА,∀HИH3L UA
yandex_real_line_00236,1,0.3464010953903198,0.7303410172462463,0.3839399218559265,0.9735757934170195,0.978175257029829,O ,Sеriуа поmени Серийный номер:02KZн9YJ701361W
yandex_real_line_00237,1,0.0,0.6693369150161743,0.6693369150161743,0.9997248732261727,0.9986806466389291,,РУCСКИЙПОВАРХЛЕБ
yandex_real_line_00238,1,0.6839836835861206,0.9241353273391724,0.24015164375305176,0.926307644873996,0.9151751282199455,II- ихито tож иХнәя р'эеun,Unarс.dIl вернул код ошибки -11
yandex_real_line_00239,1,0.37630796432495117,0.6722925305366516,0.29598456621170044,0.9345308817281001,0.9493823346496054,ПИВИ ΛДИЖОК BV,ДЛЯ КОЖИ РУК И ЛИЦ
yandex_real_line_00240,0,0.9722510576248169,0.5399369597434998,-0.43231409788131714,0.02017465953059235,0.01363003869726473,"г. Ивантеевка,",’екәәни *
yandex_real_line_00241,0,0.8111422657966614,0.3956592082977295,-0.4154830574989319,0.019781886931730646,0.016062796580870554,на две недели.,HH 
yandex_real_line_00242,0,0.910118043422699,0.682915985584259,-0.22720205783843994,0.1058060913831404,0.09532613867709716,Подача воды,rqtosehetrou
yandex_real_line_00243,0,0.7899472117424011,0.1748625487089157,-0.6150846630334854,0.003971821753085028,0.0022558627333842296,СПИЛ ДЕРЕВЬЕБ,PKV
yandex_real_line_00244,1,0.30615898966789246,0.9020664691925049,0.5959074795246124,0.999324001540738,0.9972735599931478,OHOHIHO-O,МЕДОВО-ГОРЧИЧНЫЙООСНОВНОЙ
yandex_real_line_00245,1,0.938183605670929,0.7454922199249268,-0.1926913857460022,0.08626836279544782,0.1291531240497765,МЕНЕнИЕ: ежедневно утром и вечером наносить на очищеную,аннәтиo ен qиэонен Wоdһә и wodЛ онаәнвжә :зинэнэw
yandex_real_line_00246,1,0.5547353625297546,0.970961332321167,0.41622596979141235,0.993927620401371,0.9840530819275863, ,"тонус, сияние и бархатистую мягкость"
yandex_real_line_00247,1,0.4888438284397125,0.7898517847061157,0.3010079562664032,0.937237859330674,0.9517204823845722,CT1m25E-12H 95-58-222(20E) 2+D60H90 00,"рM o*е :HC9C +7 (347) 222-85-56, 8.71-352  112"
yandex_real_line_00248,0,0.6312465071678162,0.28164270520210266,-0.3496038019657135,0.04148465747448545,0.030396188109634084,УБОРКАПОРОСЛИ,MODOKO
yandex_real_line_00249,0,0.8450785875320435,0.43184012174606323,-0.4132384657859802,0.020194913154824096,0.016417959743480495,"оф. 7, тел./факс: (846) 2 /90-780,",08-06/2(8:/
yandex_real_line_00250,0,0.9700211882591248,0.5213603377342224,-0.44866085052490234,0.014561905077674752,0.011616341770869202,"сухость и шелушение кожи,",'нжох әпнәтλәт п шэохл
yandex_real_line_00251,0,0.9561755061149597,0.23621338605880737,-0.7199621200561523,0.0011541275454948821,0.0007995201367138067,РАБОТАЮТ ЛЮДИ,O
yandex_real_line_00252,1,0.5035005211830139,0.9786713123321533,0.4751707911491394,0.9861820986950086,0.9910420864202608,          ,"Обращаем Ваше внимание, что скидка не суммируется с другими видами скидок, а также не распространяется на табачную"
yandex_real_line_00253,0,0.9883555769920349,0.42354241013526917,-0.5648131668567657,0.002590301901906795,0.0037061009521423866,что после сиг нала тревога-пожар,ежо-ево еени эг оть
yandex_real_line_00254,0,0.9885898232460022,0.38616102933883667,-0.6024287939071655,0.0006241370500154099,0.0025563447874270766,недоступном для детей месте.,нt
yandex_real_line_00255,1,0.0,0.9452996253967285,0.9452996253967285,0.9998576993631509,0.999914122466316,,РЕМОНТ ИОБСЛУЖИВАНИЕ
yandex_real_line_00256,1,0.38776254653930664,0.982137143611908,0.5943745970726013,0.9962546899410902,0.9972319665986548,ви н д,Способ применения: небольшое количество
yandex_real_line_00257,0,0.9516146779060364,0.45230716466903687,-0.4993075132369995,0.005153420541395963,0.007066655199292832,"Ореховый пр., д. 35, корп.", .' .
yandex_real_line_00258,1,0.38187143206596375,0.9784903526306152,0.5966189205646515,0.9962799811173453,0.9972926519634205,фн ини,морщины и выравниваетрельеф.
yandex_real_line_00259,1,0.5568727850914001,0.9832484722137451,0.42637568712234497,0.9819275013190609,0.9855561842976217, ,дезодорированные растительные масла
yandex_real_line_00260,1,0.5385205149650574,0.9920677542686462,0.45354723930358887,0.9832696382295739,0.9889263798441345,  ,Способ применения: небольшое количество
yandex_real_line_00261,1,0.0,0.9528789520263672,0.9528789520263672,0.9999565465444804,0.9999203325759525,,ГИД ПО КОМПЛЕКСНОМУ
yandex_real_line_00262,1,0.3729390799999237,0.9649592041969299,0.5920201241970062,0.9961712501348015,0.9971668444270474,wнеидцнееdанемннаd,Внутренняякамера с антипригарным
yandex_real_line_00263,0,0.689465343952179,0.3610227406024933,-0.32844260334968567,0.04973666128116981,0.0372198051449596,ЗДРАВНИ-ЗДРАВНИ,HEVdVEMHOVdUE
yandex_real_line_00264,0,0.9678265452384949,0.33748945593833923,-0.6303370893001556,0.0027150187547043156,0.0019401876250996829,НОВАЯ КОЛЛЕКЦИЯ,ВИПОН ВОН
yandex_real_line_00265,1,0.0,0.9607940316200256,0.9607940316200256,0.9998213018319556,0.9999263389847317,,"ул. Крауля, Институт связи,"
yandex_real_line_00266,1,0.5402234792709351,0.5854907035827637,0.04526722431182861,0.6170716136774748,0.6102441956414301,AW,2i34
yandex_real_line_00267,1,0.0,0.9194516539573669,0.9194516539573669,0.9997409695395474,0.9998890696553033,,Брусника и Чистотел
yandex_real_line_00268,0,0.8747742176055908,0.0,-0.8747742176055908,0.00027551153121378307,0.00017266237822022266,МАЙКЛ МУРКОК,
yandex_real_line_00269,1,0.38751164078712463,0.9359254837036133,0.5484138429164886,0.9969224245543964,0.9956431456956564,NS/ d,Серийный номер / S/N
yandex_real_line_00270,1,0.6835659742355347,0.9686158895492554,0.2850499153137207,0.9704385347195147,0.9439173034634742,     ,"Способ применения: вскройте упаковку, разверните салфетку."
yandex_real_line_00271,0,0.9738139510154724,0.4402237832546234,-0.533590167760849,0.0014490682875274985,0.005042385157922654,"ПЭг-40 гидрогенизированное касторовое масло, глицерий,",иаи Oн вооде нноинаои О-
yandex_real_line_00272,1,0.0,0.9731809496879578,0.9731809496879578,0.9999649173580567,0.9999348430599769,,ВМЕСТЕ С ПРИРОДОЙ ОНИ
yandex_real_line_00273,0,0.45943328738212585,0.22307750582695007,-0.23635578155517578,0.09844297353264725,0.08778929734249982,CEEBACG,09000
yandex_real_line_00274,1,0.1960664987564087,0.7771223187446594,0.5810558199882507,0.9991892511775442,0.9968428818807407,PYU9336ET80P,устаревшая ссылха
yandex_real_line_00275,1,0.7705010175704956,0.9981009364128113,0.22759991884231567,0.9420038023723548,0.9050131468454381,нофэгәт цчнижвIноу,Контактный телефон
yandex_real_line_00276,1,0.32753562927246094,0.9879465103149414,0.6604108810424805,0.9973529541266583,0.9985588727151326,фин,обеспечиваяощущениямягкостиикомфорта.
yandex_real_line_00277,0,0.9504722356796265,0.0,-0.9504722356796265,0.00013251980301690248,8.158909521897979e-05,Режим работы:,
yandex_real_line_00278,0,0.6445971727371216,0.0,-0.6445971727371216,0.00037246597131142527,0.0016850657022770114,БЕ3 ХОЛЕСТЕРИНА,
yandex_real_line_00279,0,0.29249775409698486,0.22740203142166138,-0.06509572267532349,0.3578575895447311,0.3441790953248404,Dу на п40,00MU
yandex_real_line_00280,1,0.24466395378112793,0.9540071487426758,0.7093431949615479,0.9994342539168735,0.9991118898734591,0,сады с13-00 до 16-30
yandex_real_line_00281,1,0.2833859920501709,0.8902715444564819,0.606885552406311,0.9966685985937372,0.997553770464437,)ЛПOO,одну БОЛЬШУЮ (30 см)
yandex_real_line_00282,0,0.9394601583480835,0.0,-0.9394601583480835,0.00021643200454303835,9.099029001450835e-05,ПРОДУКТОВЫЙ ДИСКАУНТЕР,
yandex_real_line_00283,0,0.8991411328315735,0.0,-0.8991411328315735,7.656027029988551e-05,0.00013564465566824396,РАЗЛИТО В ЕССЕНТУКАХ,
yandex_real_line_00284,1,0.5353134870529175,0.9772223830223083,0.44190889596939087,0.9814602654996919,0.98759024326542,кт 'н   Аж,"кожу, стимулируют синтез коллагена, повышая"
yandex_real_line_00285,1,0.25113973021507263,0.9381951093673706,0.687055379152298,0.9979151582290018,0.9988927652756381,нниелиое жоновE,Звонок бесплатный.
yandex_real_line_00286,0,0.9890427589416504,0.0,-0.9890427589416504,2.968141842658253e-05,5.568488010573551e-05,ЧУДЕСНОЕ ПРЕОБРАЖЕНИЕ,
yandex_real_line_00287,0,0.9467990398406982,0.2007523626089096,-0.7460466772317886,0.0012283900397013752,0.000617602641793395,"""ФОРМУЛА ТАЙГИ""",MAAWPOF
yandex_real_line_00288,1,0.0,0.9912081360816956,0.9912081360816956,0.9999096125846109,0.9999454965850069,,РЕЖИМ РАБОТЫ:
yandex_real_line_00289,1,0.0,0.9172559380531311,0.9172559380531311,0.9998189606682762,0.9998866311113945,,ТЕНИ 6-ЦВЕТНЫЕ
yandex_real_line_00290,1,0.38350993394851685,0.9354124665260315,0.5519025325775146,0.9970332091650443,0.9957904937280287,ИЭЖОКЕЛОХ,УХОДУ ЗА КОЖЕЙ
yandex_real_line_00291,1,0.0,0.8860439658164978,0.8860439658164978,0.9997572930052188,0.9998455704929728,,“Новый Дом”
yandex_real_line_00292,0,0.9622504115104675,0.41995301842689514,-0.5422973930835724,0.0013026774759774418,0.004627687210545262,Идентификационный номер (ID) контейнерной площадки:,имепоги ноннином ( кон инннпеифинаги
yandex_real_line_00293,1,0.1790410876274109,0.891321063041687,0.7122799754142761,0.9998373858568663,0.9991373280024385,d,"акамеским соусом для гамбургеров, который"
yandex_real_line_00294,0,0.35334813594818115,0.41335389018058777,0.060005754232406616,0.6758899894806841,0.6443541746452824,Шhpофн -оmorу,daowon on фodat
yandex_real_line_00295,0,0.7978507280349731,0.0,-0.7978507280349731,0.0005662915985293586,0.0003698183329487254,"ул. Энтузиастов, д.12",
yandex_real_line_00296,1,0.0,0.7308972477912903,0.7308972477912903,0.999549178784522,0.9992824882418957,,"ул.Леси Укрaiнки, 8а"
yandex_real_line_00297,1,0.0,0.9428531527519226,0.9428531527519226,0.9998576490908888,0.9999120163789246,,САМЫЕ ПОЛНЫЕ
yandex_real_line_00298,0,0.9835824370384216,0.0,-0.9835824370384216,3.143977217046398e-05,5.877908322041771e-05,Действия при команде тревога-пожар,
yandex_real_line_00299,1,0.6974985003471375,0.9667128920555115,0.269214391708374,0.9643368850850279,0.9350129243678391,00:020000:80,08:00 до 23:00
yandex_real_line_00300,0,0.9515065550804138,0.6295983791351318,-0.321908175945282,0.05258501122011118,0.03960971287543737,от вредителей, 
yandex_real_line_00301,0,0.9874849319458008,0.6635854840278625,-0.32389944791793823,0.05170107292001399,0.03886624363837374,Номинальный объем: 70 мл, 
yandex_real_line_00302,0,0.9715861678123474,0.28560495376586914,-0.6859812140464783,0.00022439866557171764,0.0011190640274181985,"Писатели, объединившие",en
yandex_real_line_00303,0,0.9344860315322876,0.34736406803131104,-0.5871219635009766,0.004064817199406557,0.0029735693001316675,изысканный вкус.,ЭАХ иННЕЖЭмЕИ
yandex_real_line_00304,0,0.937859058380127,0.0,-0.937859058380127,0.00014918727727052369,9.244455590257264e-05,"полиизобутен, феноксиэтанол,этилгексилглицерин",
yandex_real_line_00305,0,0.9567278027534485,0.5127185583114624,-0.4440092444419861,0.015362380855781729,0.01215737641550321,-латте (на чашку 25Омл):,  
yandex_real_line_00306,0,0.9618141055107117,0.6483784317970276,-0.3134356737136841,0.021063116723293845,0.042928118692701446,"800-летия Моеквы, д. 4, корп.1",гиdoм  т тчякэор виIәг-008
yandex_real_line_00307,1,0.47242361307144165,0.9410375356674194,0.4686139225959778,0.9878968757745118,0.9904467876012281,шо ввнрахораdи'опянлф,"функцию, предохраняя от"
yandex_real_line_00308,0,0.8197051882743835,0.41756805777549744,-0.4021371304988861,0.007207822436629673,0.018291201191108775,(ус на основе растительных масел «Бургер» Мr.Riсо, 
yandex_real_line_00309,1,0.0,0.9800964593887329,0.9800964593887329,0.9999673835640592,0.9999391561916259,,Провожаем пятую
yandex_real_line_00310,1,0.0,0.892304539680481,0.892304539680481,0.9999820678811392,0.9998548539321396,,"Лаишевский район,с. Ссады, ул. Ласковая"
yandex_real_line_00311,0,0.6580901741981506,0.36295753717422485,-0.2951326370239258,0.026217290583883154,0.05102468605323939,ИаготвтетАО«НЗФИС-БИОПРОДУКТ,-P
yandex_real_line_00312,1,0.0,0.9950500130653381,0.9950500130653381,0.9999128162444724,0.9999475314255044,,РАБОТАЮТЛЮДИ
yandex_real_line_00313,1,0.0,0.9473750591278076,0.9473750591278076,0.9998604395311879,0.9999158695688547,,доставкапирогов
yandex_real_line_00314,1,0.3526138365268707,0.9722142219543457,0.619600385427475,0.998544383875556,0.9978425947434834, .,"Ореховый бульв., д. 35, корп."
yandex_real_line_00315,1,0.29001855850219727,0.29093533754348755,0.0009167790412902832,0.5020585636263806,0.5022699911203216,w,g
yandex_real_line_00316,0,0.9690077304840088,0.0,-0.9690077304840088,7.008668380045359e-06,6.790629638743117e-05,Звонок по Россиибесплатный.,
yandex_real_line_00317,0,0.9012314081192017,0.4829277992248535,-0.41830360889434814,0.0194647969484405,0.015627199215664012,Хищные вещи века,тхае итау эмитих
yandex_real_line_00318,1,0.18127921223640442,0.9145898818969727,0.7333106696605682,0.9998743080260659,0.9992994238263817,HPE3,ТЫКВЕННЫЙСПЕЦИАЛЬНЫЙ
yandex_real_line_00319,0,0.9461926221847534,0.40589839220046997,-0.5402942299842834,0.0013349902978870255,0.004719979059590602,Пищеваяценность,qonahвesamy
yandex_real_line_00320,1,0.20377187430858612,0.7929904460906982,0.5892185717821121,0.996069550618664,0.9970873632970525,K,НЕВКЛЮЧАТЬ
yandex_real_line_00321,0,0.999629557132721,0.5937889218330383,-0.4058406352996826,0.025452274837925466,0.017644050005835868,Организация работы,qd випєинd
yandex_real_line_00322,0,0.9988523125648499,0.48968133330345154,-0.5091709792613983,0.010218766717879657,0.006413176842388836,каждого месяца,пв оtжек
yandex_real_line_00323,1,0.4764660596847534,0.9489243030548096,0.47245824337005615,0.9883211465174686,0.9908004069308706,ИЖОЖИНИОВ,Для очистки кожи
yandex_real_line_00324,1,0.589012086391449,0.9451779723167419,0.35616588592529297,0.9874114739510517,0.9714619269689445," В      ""","упаковки. Изготовитель: ОАО Московский завод плавленых сыров «КАРАТ,"
yandex_real_line_00325,1,0.2449256181716919,0.8684563636779785,0.6235307455062866,0.9995179458069292,0.9979247922790699,BYELMUYO,ВОДАПИТЬЕВАЯ
yandex_real_line_00326,0,0.0,0.0,0.0,0.5,0.5,,
yandex_real_line_00327,1,0.3881382346153259,0.7346525192260742,0.3465142846107483,0.9625589423050313,0.9686889025408382,HAWDAKOU,ПО КАРМАНУ
yandex_real_line_00328,0,0.999803364276886,0.7878465056419373,-0.21195685863494873,0.12067763391506589,0.10916702634236702,горячий хлеб и выпечка,ежһәшIqа и дәих ииьвdоӀ
yandex_real_line_00329,1,0.4396184980869293,0.9215603470802307,0.4819418489933014,0.9893059483743032,0.9916182546809168,нetжedиdu,Приём граждан:
yandex_real_line_00330,1,0.26376694440841675,0.885439932346344,0.6216729879379272,0.9970560517409381,0.9978863370214858,OBBP,«СРЕДНЯЯ ШКОЛА
yandex_real_line_00331,1,0.3043314516544342,0.9677879214286804,0.6634564697742462,0.998007886827412,0.9986016343884019,on Mвd u,Король среди цветов
yandex_real_line_00332,1,0.5355030298233032,0.9640359878540039,0.4285329580307007,0.9822827361445461,0.9858572017992675,нанад и мон он,вне моды и времени..
yandex_real_line_00333,0,0.859542727470398,0.42855700850486755,-0.4309857189655304,0.0050732349186248275,0.01380805633224558,ОтжимТомпература,ededauwoIWижiO
yandex_real_line_00334,1,0.28087836503982544,0.9685605764389038,0.6876822113990784,0.9979268387769702,0.998899610503471,nmanngonn,"Писатели, объединившие"
yandex_real_line_00335,0,0.9431073069572449,0.37277814745903015,-0.5703291594982147,0.004690017225620181,0.0035097525917807603,SAMSUNG. LED MONITOR, N
yandex_real_line_00336,1,0.5458006262779236,0.9737020134925842,0.42790138721466064,0.9821794520901082,0.9857697206766745,     ,Вторая смена кто приходят к 8:00 уходят в 23:00.
yandex_real_line_00337,0,0.5437716841697693,0.19496631622314453,-0.34880536794662476,0.024684947059179094,0.030630119470168894,CKAД LЖary KepeK.OBEDENTS,N
yandex_real_line_00338,0,0.9625412225723267,0.5370011329650879,-0.42554008960723877,0.021413148563036437,0.014562100557630317,без перерыва и выходных, и  
yandex_real_line_00339,0,0.7410960793495178,0.0,-0.7410960793495178,0.0009465060838826352,0.0006486195246683748,БЕЗ ПЕРЕРЫВОВ,
yandex_real_line_00340,1,0.5565319061279297,0.5124124884605408,-0.044119417667388916,0.3978447087985103,0.3924630482972553,"-mad ""c As ","Со засззу комсаках, пракя-"
yandex_real_line_00341,0,0.9786826968193054,0.5909228920936584,-0.387759804725647,0.02574841341260763,0.02103150975469375,-применение абразивных материалов при натирке металлических,     
yandex_real_line_00342,0,0.697772204875946,0.15909543633460999,-0.5386767685413361,0.007858481730598933,0.004795835410033666,Леонид Степановнч,eOOn
yandex_real_line_00343,0,0.0,0.0,0.0,0.5,0.5,,
yandex_real_line_00344,1,0.0,0.713587760925293,0.713587760925293,0.9983565013275868,0.999148420391333,,HECTABИTb!!!
yandex_real_line_00345,0,0.4613836109638214,0.2171480506658554,-0.244235560297966,0.10032052006228748,0.0817371659171396,*улучаcтнuк,HИHЭЛИЖ
yandex_real_line_00346,0,0.30014505982398987,0.0,-0.30014505982398987,0.056277667625031065,0.04867373038429651,-8,
yandex_real_line_00347,0,0.9736396670341492,0.21904267370700836,-0.7545969933271408,0.0003512030071803994,0.0005674829977998421,Изображения являются элементами дизайна.,еаEвв ВИнаж
yandex_real_line_00348,1,0.7398147583007812,0.27101945877075195,-0.4687952995300293,0.012082768980071193,0.009536229863888392,ПАСТЕРЛЕНГЕН ЙОГРТСУСЫНЫ,O
yandex_real_line_00349,0,0.8929318189620972,0.0,-0.8929318189620972,0.0003286755615247838,0.00014424723768552796,Великой Отечествецной,
yandex_real_line_00350,0,0.9461021423339844,0.3804473876953125,-0.5656547546386719,0.004965979508094158,0.0036754508996497647,при окраске кровли.,иивох ежеджо иdи
yandex_real_line_00351,1,0.28445062041282654,0.9426073431968689,0.6581567227840424,0.9979393309340512,0.9985263845076608,nжd,режима подачи воды
yandex_real_line_00352,1,0.3168221116065979,0.9487218856811523,0.6318997740745544,0.9995648894729355,0.9980895530327297,tomgнendeaettad-,упаковке-предлагаемыйвариант блюда.
yandex_real_line_00353,0,0.5716885328292847,0.8756667375564575,0.30397820472717285,0.9764111380818761,0.9530543828800634,"60"" Dp",09
yandex_real_line_00354,1,0.4260859191417694,0.8355598449707031,0.4094739258289337,0.9790933393783355,0.9829689634943524,OKVLOL,ЧТОТАКОЕ?
yandex_real_line_00355,0,0.7559090852737427,0.4864150583744049,-0.26949402689933777,0.0816202102701495,0.06481898802745636,"Юрнтсоне арес: 123392, с. Мосхка, уона Куожоеа, А. 20, ср","мво ое — пвожсау гоой чееосыа ""т Хьсхь сабее есожнтнбок"
yandex_real_line_00356,0,0.9367409348487854,0.5687623620033264,-0.367978572845459,0.03083014103078769,0.02546739367289878,-убираем товар из под касс.,   .
yandex_real_line_00357,0,0.42835408449172974,0.3940865695476532,-0.03426751494407654,0.4106702813307538,0.41595651687337337,ПЕОРУДОВАНИЕДИВ АВТОМАТИТАЦИ,BETVEKINHOIRY EUV SHNVBOVAAOS
yandex_real_line_00358,0,0.9646198153495789,0.4294878840446472,-0.5351319313049316,0.0035384087099555803,0.004966352112797338,"Шипиловская ул., д. 48, корп.",..
yandex_real_line_00359,1,0.0,0.9719066619873047,0.9719066619873047,0.9998382739224668,0.9999340155648502,,МЕТОДИКА СОСТАВЛЕНИЯ
yandex_real_line_00360,1,0.3745717406272888,0.9668948650360107,0.5923231244087219,0.9992936849018558,0.9971753099898139,..,"Адрес: Россия, 422610, Республика Татарстан,"
yandex_real_line_00361,1,0.0,0.9263328909873962,0.9263328909873962,0.9999425173087045,0.9998963773266893,,17 августа работа в
yandex_real_line_00362,1,0.5464281439781189,0.8260335326194763,0.2796053886413574,0.9249338201538452,0.9409934194654552,HИ‡ОH H'H,Н.Н. АНОДИНА
yandex_real_line_00363,1,0.17230556905269623,0.5833787322044373,0.41107316315174103,0.9791991656537359,0.9832321099903337,RAR,BЕPХНИЙПАРК
yandex_real_line_00364,0,0.9761538505554199,0.0,-0.9761538505554199,0.00015567380045016156,6.326652132780272e-05,ПИТЬЕВАЯ ЛЕЧЕБНО-СТОЛОВАЯ,
yandex_real_line_00365,1,0.39473867416381836,0.9370713829994202,0.5423327088356018,0.9938286032378566,0.9953739236769906,уижди 'уижо 'Мми,"Чистый, свежий, яркий"
yandex_real_line_00366,0,0.9499027729034424,0.0,-0.9499027729034424,4.4838146947736755e-05,8.205052921765265e-05,Натуральные препараты,
yandex_real_line_00367,1,0.0,0.9874223470687866,0.9874223470687866,0.9999944064850579,0.9999434142745397,,Энергетическаяценность
yandex_real_line_00368,1,0.2792836129665375,0.609131395816803,0.3298477828502655,0.9568332559260437,0.9632757139281192,OMOR,ABTОШКОЛAN1
yandex_real_line_00369,0,0.8517169952392578,0.3438807725906372,-0.5078362226486206,0.0019853922687030016,0.006497965999495835,Спорт 40° бдежда,eжg0wdou
yandex_real_line_00370,1,0.0,0.98475182056427,0.98475182056427,0.9999689453587776,0.9999418977231758,,"Вам расскажут про утёнка,"
yandex_real_line_00371,0,0.9916663765907288,0.25998204946517944,-0.7316843271255493,0.0010339100040993783,0.0007119441452888847,Professional dermatological products,s
yandex_real_line_00372,0,0.9345217347145081,0.3081088662147522,-0.6264128684997559,0.0013548943266209403,0.0020169255225897594,AQUA SUB DP 500A,SNSN
yandex_real_line_00373,0,0.969603419303894,0.4786550998687744,-0.49094831943511963,0.01201411445876582,0.007671937599298122,указаны на шве тубы.,  
yandex_real_line_00374,0,0.951143205165863,0.2901187241077423,-0.6610244810581207,0.000304604056001658,0.0014324082455682498,уровень увлажненностикожи,жокионненжеанэв
yandex_real_line_00375,0,0.2365076094865799,0.3437308371067047,0.10722322762012482,0.7880589061956454,0.7430664077056954,099,M66615050
yandex_real_line_00376,0,0.8508005738258362,0.6305176615715027,-0.2202829122543335,0.11264102532800563,0.10140214454600413,прошлое. Богатый цвет,Loon emeog 'eoumodu
yandex_real_line_00377,1,0.11195898056030273,0.9518447518348694,0.8398857712745667,0.9999659237849685,0.9997560870418828,IK,ПРИ ПОКУПКЕ
yandex_real_line_00378,1,0.0,0.9819762706756592,0.9819762706756592,0.9998522568825743,0.9999402784440534,,Airelle rouge & Chélidoine
yandex_real_line_00379,0,0.964046061038971,0.0,-0.964046061038971,0.0001193799687984516,7.132643759518477e-05,ОдеждаОбувь Аксессуары,
yandex_real_line_00380,1,0.33364778757095337,0.5136892199516296,0.18004143238067627,0.900709958368344,0.8560889520595518,KOuOUXV,AXлoпок
yandex_real_line_00381,0,0.9543086886405945,0.0,-0.9543086886405945,0.00018941442308565996,7.85473315892547e-05,"действием, усиливает регенерацию кожи",
yandex_real_line_00382,0,0.7700906991958618,0.2574096620082855,-0.5126810371875763,0.009904770885487359,0.0061954139910578385,Дж. К. Ролинг,OdT
yandex_real_line_00383,0,0.5029186606407166,0.0,-0.5029186606407166,0.010802663350306042,0.00682007044760263,бутифениинмальвенловытснеро.,
yandex_real_line_00384,0,0.9196896553039551,0.41930845379829407,-0.500381201505661,0.009116099652360871,0.006992428524093034,ДЛЯ СОЗДАНИЯ ОБЪЕМА,V3яз винE в
yandex_real_line_00385,0,0.9851176738739014,0.5323609113693237,-0.45275676250457764,0.016847559720964595,0.01115968554703601,"Адрес производства: 198205, Россия,", 
yandex_real_line_00386,1,0.0,0.0,0.0,0.5,0.5,,
yandex_real_line_00387,1,0.0,0.7939665913581848,0.7939665913581848,0.9997680526794746,0.9996156833099603,,СБЕРБАНК РОССИИ
yandex_real_line_00388,1,0.420626163482666,0.8837427496910095,0.4631165862083435,0.9872636025108531,0.9899176118495017,B,A КАТЕГОРИЯ
yandex_real_line_00389,1,0.38933324813842773,0.7406775951385498,0.35134434700012207,0.9866559015211889,0.9701077867234559,  ,"тв вода,масо подсолнечное рафинированное дезодорированное,загуситель Е1422,сахар,с"
yandex_real_line_00390,1,0.0,0.9834470152854919,0.9834470152854919,0.9998541954366793,0.9999411420308739,,образовательное учреждение
yandex_real_line_00391,1,0.0,0.9214848875999451,0.9214848875999451,0.999987456539255,0.9998912809538559,,Синтетика0 Шерсть
yandex_real_line_00392,1,0.0,0.9432017207145691,0.9432017207145691,0.99985487485297,0.9999123195754586,,Попытка к бегству
yandex_real_line_00393,0,0.9718427062034607,0.0,-0.9718427062034607,0.00011097062470841688,6.602624250244886e-05,предлагает свою версию библейских событий,
yandex_real_line_00394,0,0.8876230120658875,0.6502674221992493,-0.23735558986663818,0.10603722020403972,0.08699952252928954,прямых солнечнык пучей,канли хчнhаниоо хчнваи
yandex_real_line_00395,1,0.5390991568565369,0.9788469076156616,0.43974775075912476,0.9903885374113082,0.987325157681504,   ,ОБУЧЕНИЕ НА НОВЫХ АВТО:
yandex_real_line_00396,0,0.9710394740104675,0.2999522089958191,-0.6710872650146484,0.0008464907604648751,0.0012967076505053098,Морс брусничный,нo
yandex_real_line_00397,1,0.0,0.9468449354171753,0.9468449354171753,0.9998597446735084,0.9999154267188053,,ОДЕЖДА ДЛЯВСЕЙ СЕМЬИ
yandex_real_line_00398,1,0.5688120722770691,0.9812918305397034,0.4124797582626343,0.9759857237561301,0.9834602519451824, ,Приносим извинения за
yandex_real_line_00399,1,0.0,0.9638481736183167,0.9638481736183167,0.9999612909065018,0.9999285336404696,,КУРС НА ЭКОЛОГИЧНЫЙ ТРАНСПОРТ
yandex_real_line_00400,0,0.943583607673645,0.7288941144943237,-0.2146894931793213,0.11745311159902976,0.10656269767116788,Д-поитенол устроняет,шанноашжл уонашини-чу
yandex_real_line_00401,1,0.4883192777633667,0.9951221346855164,0.5068028569221497,0.9915143584106807,0.9934356263653056,000  00 ,ПТ с 10:00 до 20:00
yandex_real_line_00402,0,0.9802455902099609,0.0,-0.9802455902099609,6.107441270013318e-06,6.075401192220673e-05,СЛУЖЕБНОЕ ПОМЕЩЕНИЕ,
yandex_real_line_00403,1,0.7063905596733093,0.9741047024726868,0.26771414279937744,0.9247336556450134,0.9341041864542188,анневоинифеd) еиж оонно,молочного жира (рафинированные
yandex_real_line_00404,0,0.7004023194313049,0.16195937991142273,-0.5384429395198822,0.0034174646495893166,0.004806901532817769,"ТЦ ""АРБАТ"" 100M",D
yandex_real_line_00405,1,0.5174264311790466,0.9631380438804626,0.445711612701416,0.982071639738769,0.988043456904278, ,не работает 12 и 13 августа
yandex_real_line_00406,1,0.6069307923316956,0.9983855485916138,0.3914547562599182,0.9841109872935055,0.9797089070513672,ИЯХAН ХVИЭ,СИЛУ НАУКИ
yandex_real_line_00407,1,0.0,0.8146815299987793,0.8146815299987793,0.9995162889604305,0.999686947196904,,обl.краеведческий
yandex_real_line_00408,0,0.9684343338012695,0.1984620839357376,-0.7699722498655319,0.0007352132000946964,0.000487363506044759,VERKHNIY PARK,N
yandex_real_line_00409,0,0.97279953956604,0.3721717298030853,-0.6006278097629547,0.004520047384555516,0.002602232802685907,по техническим причинам.,ии ин
yandex_real_line_00410,0,0.4451892375946045,0.21766069531440735,-0.22752854228019714,0.10551627297984935,0.09504764156921222,   e,SS
yandex_real_line_00411,0,0.9779794812202454,0.0,-0.9779794812202454,0.00015314235708850993,6.213291591726614e-05,мультиметр цифровой,
yandex_real_line_00412,0,0.9781538844108582,0.0,-0.9781538844108582,6.265928943268353e-06,6.202569077077527e-05,Швейная Мастерская,
yandex_real_line_00413,1,0.0,0.967833936214447,0.967833936214447,0.9998847823073085,0.9999312997016847,,Быстро впитывается
yandex_real_line_00414,1,0.3766322135925293,0.9691956639289856,0.5925634503364563,0.9980653412047089,0.9971820065464979,вжеаонаие,активно увлажняет
yandex_real_line_00415,0,0.9683523774147034,0.0,-0.9683523774147034,7.065151053642438e-06,6.83484654731928e-05,ЭКСТРАКТ БЕЛОГО ЧАЯ,
yandex_real_line_00416,1,0.0,0.7700338363647461,0.7700338363647461,0.9992652106305354,0.9995129335353348,,На берегах Иравади
yandex_real_line_00417,1,0.0,0.8969548344612122,0.8969548344612122,0.9996829850345706,0.9998613865172982,,rOCT 26574-2017
yandex_real_line_00418,0,0.99967360496521,0.0,-0.99967360496521,4.814132660923418e-06,5.0120166737184906e-05,английский детский сад,
yandex_real_line_00419,1,0.3339681029319763,0.8217229843139648,0.4877548813819885,0.9974624012323186,0.9920834826966275,OJULOJO,ГОРОДА ПЯТИГОРСКА
yandex_real_line_00420,0,0.9238204956054688,0.0,-0.9238204956054688,0.00017021431279017592,0.00010623323326769861,ЛЮБАЯ СТРИЖКА ВСЕГО 250 РУБЛЕЙ!,
yandex_real_line_00421,0,0.8607181310653687,0.0,-0.8607181310653687,2.640236684150971e-05,0.0001984480986168755,парковки — 5000₽,
yandex_real_line_00422,0,0.6891914010047913,0.2446657121181488,-0.44452568888664246,0.015289354695787148,0.012096100417289929,УЛ.ГАГАПИНА,HD
yandex_real_line_00423,0,0.9384732246398926,0.0,-0.9384732246398926,1.0187174931024662e-05,9.188398618026843e-05,MACCA HETTO: 230,
yandex_real_line_00424,1,0.0,0.9851679801940918,0.9851679801940918,0.9999043361560018,0.999942136699956,,ПОДВОРЬЕ ДОНСКОГО МОНАСТЫРЯ
yandex_real_line_00425,1,0.49761733412742615,0.9772060513496399,0.47958871722221375,0.9890695358835752,0.9914223104293725,    нн,назван в честь реки Кама
yandex_real_line_00426,0,0.7692441344261169,0.7919168472290039,0.022672712802886963,0.5529117914809826,0.5559044443441675,НА10ОГПРОДУКТА,YIXAUOdUJOOTYH
yandex_real_line_00427,0,0.9903354644775391,0.0,-0.9903354644775391,9.113137052092597e-05,5.497651323398983e-05,"ВЫХОДНОЙ: СУББОТА, ВОСКРЕСЕНЬЕ",
yandex_real_line_00428,0,0.8393335938453674,0.42540377378463745,-0.41392982006073,0.012579739359740409,0.01630775113756164,"ул. Строителей,",'.
yandex_real_line_00429,0,0.6644278168678284,0.3346725106239319,-0.3297553062438965,0.01731312432943722,0.03675670081638181,ЯНВАРЯ 193ГОДА,YIOJC761BdY8HK
yandex_real_line_00430,0,0.7488967180252075,0.4742666780948639,-0.27463003993034363,0.033450870629068964,0.06180288765421457,"затор гаровакамедь,консерванты: бензат натия и сорбат калия,кориандр,крапель картин",      
yandex_real_line_00431,1,0.0,0.7760500311851501,0.7760500311851501,0.9993182328016417,0.9995410952140368,,НЕВКЛЮЧАТЬ
yandex_real_line_00432,1,0.20813128352165222,0.975085973739624,0.7669546902179718,0.9999167534643295,0.9994978583743374,ф,Контактный телефон
yandex_real_line_00433,0,0.7897363901138306,0.0,-0.7897363901138306,0.000830018001448657,0.0004007539053781923,Мaгазин«Peserico»,
yandex_real_line_00434,1,0.0,0.7133532762527466,0.7133532762527466,0.998750918126885,0.9991464420750893,,100%3олотаяподкова
yandex_real_line_00435,0,0.6924996376037598,0.0,-0.6924996376037598,0.0015182178447141266,0.0010491731607576195,1 2Карибская Ночь,
yandex_real_line_00436,0,0.7682842016220093,0.2974131107330322,-0.47087109088897705,0.01198494604112542,0.00934398753313546,N- партии.,ИИ1deuN
yandex_real_line_00437,1,0.0,0.9511430859565735,0.9511430859565735,0.999955744201996,0.999918951164998,,Русскаякухня Здоровое Ферментация
yandex_real_line_00438,0,0.8319140076637268,0.506178081035614,-0.3257359266281128,0.04512539433945491,0.038192452329587144,Бархатный цвет,LOwn MMHAUXdUg
yandex_real_line_00439,0,0.950495183467865,0.0,-0.950495183467865,4.45590499322529e-05,8.157055518062347e-05,РЕЖИМ РАБОТЫ,
yandex_real_line_00440,1,0.0,0.9870174527168274,0.9870174527168274,0.9999037361018928,0.999943186912749,,ПОВСЕДНЕВНОГО СПРОСА
yandex_real_line_00441,1,0.38533273339271545,0.30708569288253784,-0.07824704051017761,0.30475432157447624,0.31540286322229333,d ,"Haри,унм ае "
yandex_real_line_00442,0,0.9752441048622131,0.5201646089553833,-0.45507949590682983,0.013869727982833107,0.010908656319162883,подогрева чашек ткаными материалами во избежание перегрева, ж     
yandex_real_line_00443,0,0.8860837817192078,0.273373544216156,-0.6127102375030518,0.0031545754434865966,0.002309418495195786,Мodel/ Модель: S22D300, 
yandex_real_line_00444,1,0.0,0.9436983466148376,0.9436983466148376,0.9997916502680466,0.9999127497541803,,Герой Советского Союза
yandex_real_line_00445,0,0.986038863658905,0.5898789167404175,-0.39615994691848755,0.02362620718852315,0.019385102695157516,"масел, красок, лаков,","' "" "
yandex_real_line_00446,0,0.999607503414154,0.7671078443527222,-0.23249965906143188,0.11024322208383286,0.09089634528051058,Генерала Мельникова,кинч әнә
yandex_real_line_00447,1,0.9291610717773438,0.9986034631729126,0.06944239139556885,0.6571620862111792,0.6654720426687818,“әйнвиэ әонжән,нежное сияние.
yandex_real_line_00448,1,0.5093837976455688,0.9219409823417664,0.4125571846961975,0.9796780620997108,0.9834727210826022,-8-8-016-81,Ten.8-910-727-98-18
yandex_real_line_00449,0,0.933035671710968,0.3318033814430237,-0.6012322902679443,0.0006333451128876453,0.002586740119407944,тдают в настоящих американских дайнерах.,по 
yandex_real_line_00450,1,0.5422929525375366,0.8057997226715088,0.26350677013397217,0.9223961374030917,0.9314923216305947,wDoHtow aHBodA,уровней мощности
yandex_real_line_00451,0,0.33147311210632324,0.5030215978622437,0.1715484857559204,0.8910116833400081,0.845412248027647,чeagm m 8,* ч* 
yandex_real_line_00452,0,0.7709183692932129,0.4218848645687103,-0.34903350472450256,0.04168881724222003,0.03056310085655195,ООО «Вкусвилл»,» 
yandex_real_line_00453,1,0.0,0.0,0.0,0.5,0.5,,
yandex_real_line_00454,0,0.9635962247848511,0.3995906114578247,-0.5640056133270264,0.00261238676210787,0.0037357508716573413,филиал «Зябликово»,«ооииве»реииф
yandex_real_line_00455,1,0.5466818809509277,0.9704187512397766,0.4237368702888489,0.9944583556294052,0.9851793793658294,. 0--099 ) 8,Тeл.: 8 (495) 660-18-00. www.aseptica.ru
yandex_real_line_00456,1,0.4268859028816223,0.5974839925765991,0.1705980896949768,0.8579274030077757,0.8441780585700772,JODO8,B ДОРОГУ
yandex_real_line_00457,0,0.9214939475059509,0.0,-0.9214939475059509,0.00017785432860853827,0.00010870929209178737,свежие продукты,
yandex_real_line_00458,1,0.4527195990085602,0.9770181179046631,0.5242985188961029,0.9983765560735559,0.9944742428860238,   ,"упаковки. Дата производства, годен до (число, месяц, год): см. на боковой части"
yandex_real_line_00459,0,0.9447758793830872,0.6461800336837769,-0.2985958456993103,0.02515587185844082,0.04938916085131969,обращайтес по телефону горячей линии,иини иәnнол нофәәа о фаетдо
yandex_real_line_00460,1,0.4032624661922455,0.9304510354995728,0.5271885693073273,0.996153764863112,0.9946293315904058,MODSOWO IS,SBI of Moscow
yandex_real_line_00461,1,0.3814510107040405,0.9748917818069458,0.5934407711029053,0.9961679670409009,0.9972063185300878,д не ,ми нанесите необходимое количество
yandex_real_line_00462,1,0.29941946268081665,0.6513394713401794,0.3519200086593628,0.9593347264294311,0.9702726804600048,SNUYNNUNENNNVON,ОДАМИНЕРАЛЬНАЯПРИРОДНА
yandex_real_line_00463,1,0.6789273619651794,0.9160774350166321,0.23715007305145264,0.9241186423597507,0.9128386609757958,00:510100:01,"10:00 до 15:30,"
yandex_real_line_00464,1,0.5380882024765015,0.9064146876335144,0.36832648515701294,0.9647098943069721,0.9746179877019939,noлash и нoтoso,овощей и цветов
yandex_real_line_00465,1,0.38650593161582947,0.9431720972061157,0.5566661655902863,0.9971780862632282,0.9959837080678772,-o ,Pharmacy point Na 53-3
yandex_real_line_00466,1,0.0,0.8160367012023926,0.8160367012023926,0.9998161850684223,0.999691119624093,,Марка №1 в России
yandex_real_line_00467,1,0.7928879857063293,0.9497279524803162,0.15683996677398682,0.8722463038899602,0.8254021407116623,   -   ,Е339; желатин; консервань - сорбат калия; ароматизатор.
yandex_real_line_00468,0,0.8345524668693542,0.0,-0.8345524668693542,0.00040156919462439907,0.0002571400009632609,ССОБОЙ ВСЕГАА,
yandex_real_line_00469,1,0.0,0.9509085416793823,0.9509085416793823,0.9999556346621798,0.9999187626858452,,КонвекцияГрильСвч
yandex_real_line_00470,0,0.9435449242591858,0.0,-0.9435449242591858,0.00014142898048041078,8.738291493003626e-05,НАПИТОК БЕЗАЛКОГОЛЬНЫЙ,
yandex_real_line_00471,1,0.4092384874820709,0.20647041499614716,-0.20276807248592377,0.12956797511809462,0.11833738992926787,nelonde andre antthe,Фp
yandex_real_line_00472,0,0.9339384436607361,0.0,-0.9339384436607361,1.0768990423253948e-05,9.61045089635806e-05,Деликатная стирка,
yandex_real_line_00473,1,0.39036986231803894,0.7670465707778931,0.3766767084598541,0.9715141487705219,0.976585520324282,pgde,Лесноеряба
yandex_real_line_00474,1,0.46953946352005005,0.9758712649345398,0.5063318014144897,0.9914770465555045,0.9934051314297007,--44),(499) 390-44-45
yandex_real_line_00475,1,0.37419307231903076,0.9893234968185425,0.6151304244995117,0.9984742677468871,0.9977451571635116,AO BHUIOU,ПОЭТАПНАЯ ОПЛАТА
yandex_real_line_00476,1,0.2010604739189148,0.8575321435928345,0.6564716696739197,0.9990126611249232,0.9985016218038772,PE,Двухфазный СПРЕй
yandex_real_line_00477,1,0.7317366600036621,0.9987651705741882,0.2670285105705261,0.9434597922934753,0.933684961349067,ИЗЖОЯ ИЗОW,МОЕЙ КОЖЕЙ
yandex_real_line_00478,1,0.0,0.8917994499206543,0.8917994499206543,0.99966796564232,0.9998541261193538,,номер смены см. на упаковке.
yandex_real_line_00479,0,0.8207549452781677,0.4086074233055115,-0.41214752197265625,0.024084315105109586,0.01659335811369138,э к с к л ю зи в н а я к ла сси ка,еЯи)еиИвеняиεоин)н€
yandex_real_line_00480,0,0.9868982434272766,0.4457075297832489,-0.5411907136440277,0.0062373739969601985,0.004678450995437644,ОТДЕЛЬНЫХ ПРЕДМЕТОВ №1,N E IHE
yandex_real_line_00481,0,0.9219069480895996,0.0,-0.9219069480895996,1.2478787010488502e-05,0.00010826557634919627,БЕЗ ДОБАВЛЕНИЯ,
yandex_real_line_00482,1,0.0,0.9380722641944885,0.9380722641944885,0.999780853716857,0.9999077504304964,,КРЕМ ДЛЯ РУК
yandex_real_line_00483,1,0.0,0.9547820091247559,0.9547820091247559,0.9999574094603609,0.9999218199994885,,по 16 августа 2019 года:
yandex_real_line_00484,0,0.9623475670814514,0.0,-0.9623475670814514,3.932620157769312e-05,7.253637677449749e-05,ул.Октябрьская,
yandex_real_line_00485,1,0.4655180871486664,0.908902645111084,0.4433845579624176,0.9816999038441778,0.9877680948721583,   ,"Таппинское шоссе. Д. 153, корпус 3, лит."
yandex_real_line_00486,1,0.4070771038532257,0.9471912980079651,0.5401141941547394,0.9966420091324825,0.9952716369579899, ,"11 августа выходные дни,"
yandex_real_line_00487,1,0.0,0.9762534499168396,0.9762534499168396,0.9999935865129357,0.9999367958537827,,100% подсолнечноемасло
yandex_real_line_00488,0,0.9340513348579407,0.0,-0.9340513348579407,1.0754110746250512e-05,9.599712440498899e-05,"ТОЛЬКО НАКРАСИЛА""",
yandex_real_line_00489,0,0.8692678213119507,0.6865878701210022,-0.1826799511909485,0.15294268610082362,0.140721357474041,"город Волжский , улица 19 Партсъезда, дом 57",       
yandex_real_line_00490,0,0.8994790315628052,0.30634477734565735,-0.5931342542171478,0.0019230761218756835,0.002802151685603528,ГОСТ Р ИСО 22000-2007 (ISО 22000:2005),5000000
yandex_real_line_00491,1,0.5106666684150696,0.812581479549408,0.3019148111343384,0.9445988019500632,0.9521315101944585,  i s n ,IP 20i Uskиna ifiI борудование ласа
yandex_real_line_00492,0,0.7661694884300232,0.0,-0.7661694884300232,0.0003108857256673397,0.0005060599460395003,"д. 4,лИТ.А, АКБ, 2 3т.",
yandex_real_line_00493,0,0.9316897392272949,0.17802220582962036,-0.7536675333976746,9.795735213544466e-05,0.0005727281450856451,ЭТОМУ ФЛАЕРУ,ΛROY
yandex_real_line_00494,0,0.9765749573707581,0.649452805519104,-0.32712215185165405,0.04423674614467883,0.03769129938166129,По вопросам обмена звонить по тел:,     
yandex_real_line_00495,1,0.24629557132720947,0.9002662897109985,0.6539707183837891,0.9978568622256382,0.9984641010590769,OHOHOHLU,БЕЗ ПРЕДВАРИТЕЛЬНОЙ ЗАПИОИ И ВЫХОДНЫХ
yandex_real_line_00496,1,0.0,0.9623832106590271,0.9623832106590271,0.9999923989689564,0.9999274892239027,,«ШОКОЛАДНЫЙ ДЕСЕРТНЫЙ».
yandex_real_line_00497,0,0.8842682838439941,0.0,-0.8842682838439941,0.0002467884367998168,0.0001571690252528976,Выходная мощность 700,
yandex_real_line_00498,1,0.309381902217865,0.9667159914970398,0.6573340892791748,0.9979233781257306,0.9985143469670376,винанониоевонижад6,9режимовавтоприготовления
yandex_real_line_00499,0,0.9717775583267212,0.5629265308380127,-0.4088510274887085,0.021026773636897218,0.017134625852049338,Режим размораживания по весу,Aaa ou sнenжedowcedwnжad
yandex_real_line_00500,0,0.8983355164527893,0.27525797486305237,-0.6230775415897369,0.002905569741269254,0.002084524086192607,USED BY PRISSIONALS,SOI
yandex_real_line_00501,0,0.953335165977478,0.5703727602958679,-0.3829624056816101,0.031078079244699977,0.02203238919713057,Не содержит ГМО.,  .
yandex_real_line_00502,0,0.9837396740913391,0.0,-0.9837396740913391,9.695592571001535e-05,5.8687622093378136e-05,ТОНИРУЮЩИЕМАСКИ,
yandex_real_line_00503,0,0.9665663242340088,0.0,-0.9665663242340088,7.221406397471479e-06,6.956819151866884e-05,ДМИТРИЙ ИЛЬИЧ,
yandex_real_line_00504,0,0.9746087193489075,0.38125160336494446,-0.593357115983963,0.0006974327314194644,0.0027959906393967174,штраф за неоплату парковки,  ф
yandex_real_line_00505,1,0.8052579164505005,0.8004921674728394,-0.004765748977661133,0.4888096206241901,0.4882018746167065,00610006,c 900 Ao 1900
yandex_real_line_00506,1,0.15272614359855652,0.7120883464813232,0.5593622028827667,0.994734005561031,0.9960891191804583,N,KOPПYC N2
yandex_real_line_00507,1,0.5433520078659058,0.8549079895019531,0.31155598163604736,0.9491519588055717,0.956300455286346,снамео и ниснаади нотоеи,мазющей претенани и отзывы:
yandex_real_line_00508,1,0.34937894344329834,0.9457620978355408,0.5963831543922424,0.9953051255511972,0.9972863398460312,0 аdKеdна иduчн ннеd ввo,Условия хранения: хранить при температуре от
yandex_real_line_00509,0,0.9796854853630066,0.0,-0.9796854853630066,0.00010071929613351705,6.109195642273854e-05,ХИМИЧЕСКАЯЗАВИВКА,
yandex_real_line_00510,1,0.0,0.8917691707611084,0.8917691707611084,0.9999172539798463,0.9998540823726276,,Страҙы Сваровскй
yandex_real_line_00511,0,0.5241892337799072,0.4176201820373535,-0.10656905174255371,0.2687252909119027,0.2581725271479957,Моностгрuа 900 в,4g 06 wdiowtoy
yandex_real_line_00512,0,0.9721104502677917,0.5365151166915894,-0.4355953335762024,0.01660162226562377,0.01319995959599929,крема на кожу лица.,и ж ен 
yandex_real_line_00513,1,0.4651351571083069,0.9256089329719543,0.46047377586364746,0.9922601471004266,0.9896529867356343,520 -,"т. 2-57-75, + 7978 023-57-57"
yandex_real_line_00514,0,0.9759843945503235,0.3928917348384857,-0.5830926597118378,0.004162297527138082,0.0030942615021177992,Спасибо за понимание!, 
yandex_real_line_00515,1,0.5096644163131714,0.9767629504203796,0.46709853410720825,0.9851584658540299,0.9903037245489369,жокионж,нежнойкожейрук.
yandex_real_line_00516,1,0.0,0.971595048904419,0.971595048904419,0.9999643260047335,0.9999338116160047,,продукт хранить в условиях
yandex_real_line_00517,1,0.23928645253181458,0.9747127294540405,0.735426276922226,0.9990017665105415,0.9993139406886271,еж,Бортовой журнал авиакомпании
yandex_real_line_00518,1,0.0,0.7912365198135376,0.7912365198135376,0.9994088212281934,0.9996051540227728,,STRIZHКA_SHОP СТРИЖКAШОП.PФSTRIZHКASHOP
yandex_real_line_00519,0,0.9856858253479004,0.5892243385314941,-0.39646148681640625,0.023780279579526015,0.01932841215644308,"Крем увлажняет, подтягивает контур",dноя  нж ә
yandex_real_line_00520,1,0.13824887573719025,0.9610726833343506,0.8228238075971603,0.9995605419432213,0.9997111946828868,E,мужчины не знают
yandex_real_line_00521,1,0.0,0.5631091594696045,0.5631091594696045,0.9949147568915832,0.996231058322457,,ТушеВыБОР
yandex_real_line_00522,1,0.0,0.9956498742103577,0.9956498742103577,0.9999133061042267,0.9999478422107042,,Electric dispense
yandex_real_line_00523,0,0.9830689430236816,0.0,-0.9830689430236816,9.756869287715527e-05,5.907876464512704e-05,"санитарный день),",
yandex_real_line_00524,0,0.3626725971698761,0.0,-0.3626725971698761,0.02139996319714729,0.026804708523707123,Te pe ,
yandex_real_line_00525,0,0.9685117602348328,0.5447894334793091,-0.4237223267555237,0.005542626111195857,0.014822723949772038,Адрес контейнерной плошадки:,  
yandex_real_line_00526,1,0.5636611580848694,0.9714006781578064,0.407739520072937,0.9787572155756824,0.9826789879228538,Itos ehetou,Подача воды
yandex_real_line_00527,0,0.6354653835296631,0.26117560267448425,-0.37428978085517883,0.02885919904647246,0.02396118958394266,интеллектаGOSOS,S
yandex_real_line_00528,1,0.3641240894794464,0.9953795671463013,0.6312554776668549,0.9995614438098053,0.9980773464593145,IOE Ин,КУРЕНИЕ ЗАПРЕЩЕНО!
yandex_real_line_00529,0,0.41347062587738037,0.0,-0.41347062587738037,0.020151804841458724,0.01638086973189656, ,
yandex_real_line_00530,0,0.8139562606811523,0.4305039346218109,-0.38345232605934143,0.00904457910747098,0.021928078917718277,"НРЫ-28г, БЕЛКИ-0,2г; УГЛЕВОДЫ-6г.",19-1900-32-
yandex_real_line_00531,0,0.941073477268219,0.7108257412910461,-0.23024773597717285,0.1122429050453186,0.09275628375872935,Сдам вартиру в держинском районе,әноџed wожэнижdat dиudeswwet)
yandex_real_line_00532,0,0.6870396733283997,0.0,-0.6870396733283997,0.00022150898734206177,0.0011074067825914552,торговый повороткомплекс,
yandex_real_line_00533,0,0.8683856129646301,0.0,-0.8683856129646301,0.00010587150111110418,0.00018393847043723577,МАРИЯ ПрОДУКТЫ,
yandex_real_line_00534,0,0.9216833114624023,0.0,-0.9216833114624023,0.00017366555634164984,0.0001085056197207004,НАРАЩИВАНИЕРЕСНИЦ,
yandex_real_line_00535,1,0.7765442132949829,0.935668408870697,0.1591241955757141,0.8753315369751663,0.8286385445796015,икенәлвиєоджии и имеледәнии (жож,"кожу,минералами и микрозламентами"
yandex_real_line_00536,0,0.8363088965415955,0.5866780281066895,-0.249630868434906,0.06715581435364924,0.07781501414019296,вс | |пн|| вт| |ср| | чт,| |d| |||нц| | эд
yandex_real_line_00537,0,0.8684428930282593,0.3303984999656677,-0.5380443930625916,0.006341123884159919,0.004825821621377381,граждан России и СНг,и
yandex_real_line_00538,1,0.0,0.9691884517669678,0.9691884517669678,0.9998888439466017,0.9999322151329839,,РЕЖИМ РАБОТЫ
yandex_real_line_00539,1,0.5712389349937439,0.9342569708824158,0.3630180358886719,0.9630502073362855,0.97328439637963,   ,"Дату изготовления, «годен до»"
yandex_real_line_00540,1,0.7033335566520691,0.9827631711959839,0.2794296145439148,0.9683985050577945,0.940896681308748,IOOHDS NNS,SUN SCHOOL
yandex_real_line_00541,0,0.9667157530784607,0.0,-0.9667157530784607,3.7556636856335474e-05,6.946531503660806e-05,ГАДКОГОУТЕНКА,
yandex_real_line_00542,0,0.9532382488250732,0.0,-0.9532382488250732,0.0001912439707275032,7.938444805151842e-05,БОГАТЫЙ УРОЖАЙ НАЧИНАЕТСЯ ЗДЕСЬ!,
yandex_real_line_00543,0,0.9568932056427002,0.6979592442512512,-0.258933961391449,0.08119631137873976,0.07145494558904418,использовать пар для мыы посуды.,"""нtоu кияж вut dou чиросчиоизи"
yandex_real_line_00544,1,0.38710740208625793,0.9501249194145203,0.5630175173282623,0.9989890052273538,0.9962276488059153,но и по  и о-,ют-дога или буррито аппетитной и сочной.
yandex_real_line_00545,1,0.21139825880527496,0.8990396857261658,0.6876414269208908,0.9979260807791248,0.9988991664112438,MMEM,СРЕДСТВА ЗАЩИТЫ
yandex_real_line_00546,0,0.9985826015472412,0.4772835671901703,-0.5212990343570709,0.007413337131340218,0.0056914290607317074,для развития,и
yandex_real_line_00547,1,0.2939544916152954,0.9589522480964661,0.6649977564811707,0.99909744524582,0.998622789605823, Нне,наносить на кожу пегкими
yandex_real_line_00548,0,0.9775288105010986,0.5677368640899658,-0.4097919464111328,0.021046765086687434,0.01697838654516225,"Массовая доля жира 8,5%. Массовая доля",  ж  
yandex_real_line_00549,1,0.0,0.9700480699539185,0.9700480699539185,0.9999637395624091,0.999932789757505,,"перерыв с 12:00 до 12:30,"
yandex_real_line_00550,1,0.800363302230835,0.9942882061004639,0.1939249038696289,0.8607714428041445,0.8722147500508777,asuadsip dwnd,Pump dispense
yandex_real_line_00551,1,0.49941781163215637,0.9493380188941956,0.4499202072620392,0.9854532986610023,0.9885259969436262,8tN,SNCO48
yandex_real_line_00552,1,0.8090053200721741,0.885351300239563,0.07634598016738892,0.6715842886473616,0.6805175299968952,  ,цвет дикой ягоды
